strain	Gene set	ws_class_count_inHDR	prop_genes_inHDRs_class	prop_total_ws_genes_inHDRs	gene_set_prop_inHDR	ws_class_count	ws_class_outsideHDRs	prop_genes_OUTSIDEhdrs_class	scaling_factor	gene_set_prop_OUTSIDEHDR	saling_factor_OUTSIDE	scaled_geneSet_props	scaled_geneSet_props_NONHDR	scaled_geneSet_props_HDR
AB1	Accessory	267	0.0350072112232857	0.0185217773867136	0.0816451701133599	7627	7360	0.964992788776714	12.248121947833	2.91835482988664	0.342658812341488	0.42877259211635	0.330663282920329	0.42877259211635
AB1	Core	151	0.0100525930364157	0.0185217773867136	0.0816451701133599	15021	14870	0.989947406963584	12.248121947833	2.91835482988664	0.342658812341488	0.123125385401956	0.339214202750677	0.123125385401956
AB1	Private	3	0.0365853658536585	0.0185217773867136	0.0816451701133599	82	79	0.963414634146341	12.248121947833	2.91835482988664	0.342658812341488	0.448102022481694	0.330122514328994	0.448102022481694
CB4852	Accessory	184	0.0245989304812834	0.0111731843575419	0.0418873013972884	7480	7296	0.975401069518717	23.8735837984716	2.95811269860271	0.338053381290158	0.587264628197697	0.329737629664838	0.587264628197697
CB4852	Core	67	0.00446785809549213	0.0111731843575419	0.0418873013972884	14996	14929	0.995532141904508	23.8735837984716	2.95811269860271	0.338053381290158	0.106663784642411	0.336543006753852	0.106663784642411
CB4852	Private	1	0.0128205128205128	0.0111731843575419	0.0418873013972884	78	77	0.987179487179487	23.8735837984716	2.95811269860271	0.338053381290158	0.306071587159892	0.33371936358131	0.306071587159892
CB4856	Accessory	1122	0.154651964162646	0.0673639980331679	0.369818018952852	7255	6133	0.845348035837354	2.7040326559304	2.63018198104715	0.380201829077193	0.418183961399575	0.321402869432174	0.418183961399575
CB4856	Core	364	0.0242569638811142	0.0673639980331679	0.369818018952852	15006	14642	0.975743036118886	2.7040326559304	2.63018198104715	0.380201829077193	0.0655916224682572	0.370979287041734	0.0655916224682572
CB4856	Private	21	0.190909090909091	0.0673639980331679	0.369818018952852	110	89	0.809090909090909	2.7040326559304	2.63018198104715	0.380201829077193	0.516224416132168	0.307617843526092	0.516224416132168
CX11254	Accessory	658	0.0883340045643711	0.0381814952939087	0.115620213989153	7449	6791	0.911665995435629	8.64900665288353	2.88437978601085	0.346694982696096	0.76400139315309	0.316070026512175	0.76400139315309
CX11254	Core	201	0.0133973205358928	0.0381814952939087	0.115620213989153	15003	14802	0.986602679464107	8.64900665288353	2.88437978601085	0.346694982696096	0.11587351444575	0.342050198884731	0.11587351444575
CX11254	Private	1	0.0138888888888889	0.0381814952939087	0.115620213989153	72	71	0.986111111111111	8.64900665288353	2.88437978601085	0.346694982696096	0.12012509240116	0.341879774603095	0.12012509240116
CX11264	Accessory	735	0.0980784627702162	0.0434378320935175	0.215001005012718	7494	6759	0.901921537229784	4.65114104904228	2.78499899498728	0.359066556864078	0.456176764217518	0.323849860934655	0.456176764217518
CX11264	Core	237	0.0157989467368842	0.0434378320935175	0.215001005012718	15001	14764	0.984201053263116	4.65114104904228	2.78499899498728	0.359066556864078	0.0734831296995548	0.353393683457186	0.0734831296995548
CX11264	Private	9	0.101123595505618	0.0434378320935175	0.215001005012718	89	80	0.898876404494382	4.65114104904228	2.78499899498728	0.359066556864078	0.470340106082927	0.32275645560816	0.470340106082927
CX11314	Core	183	0.0121991867208853	0.0392984307002506	0.198532118558117	15001	14818	0.987800813279115	5.03696836190898	2.80146788144188	0.356955725469646	0.0614469175541193	0.352601155923553	0.0614469175541193
CX11314	Accessory	704	0.0917383372426375	0.0392984307002506	0.198532118558117	7674	6970	0.908261662757363	5.03696836190898	2.80146788144188	0.356955725469646	0.462083102265301	0.324209200745821	0.462083102265301
CX11314	Private	7	0.0945945945945946	0.0392984307002506	0.198532118558117	74	67	0.905405405405405	5.03696836190898	2.80146788144188	0.356955725469646	0.476469980180579	0.323189643330626	0.476469980180579
DL238	Accessory	906	0.120574926803301	0.0610336920091727	0.276980317816778	7514	6608	0.879425073196699	3.61036483704773	2.72301968218322	0.367239358034399	0.43531947596024	0.32295949932011	0.43531947596024
DL238	Core	459	0.0305775764439411	0.0610336920091727	0.276980317816778	15011	14552	0.969422423556059	3.61036483704773	2.72301968218322	0.367239358034399	0.110396206795344	0.356010068490878	0.110396206795344
DL238	Private	19	0.125827814569536	0.0610336920091727	0.276980317816778	151	132	0.874172185430464	3.61036483704773	2.72301968218322	0.367239358034399	0.454284317244416	0.321030432189011	0.454284317244416
ECA1185	Accessory	1342	0.177513227513228	0.101871468926554	0.380387457796595	7560	6218	0.822486772486772	2.62889845472963	2.6196125422034	0.381735842186372	0.466664249503592	0.313972680782389	0.466664249503592
ECA1185	Core	948	0.0633393465624374	0.101871468926554	0.380387457796595	14967	14019	0.936660653437563	2.62889845472963	2.6196125422034	0.381735842186372	0.166512710301576	0.357556943382826	0.166512710301576
ECA1185	Private	18	0.13953488372093	0.101871468926554	0.380387457796595	129	111	0.86046511627907	2.62889845472963	2.6196125422034	0.381735842186372	0.366823040194832	0.328470375834785	0.366823040194832
ECA1186	Accessory	551	0.0742587601078167	0.0334841227603335	0.136633810087825	7420	6869	0.925741239892183	7.31883272051936	2.86336618991217	0.349239298669889	0.543487443262287	0.323305221369739	0.543487443262287
ECA1186	Core	198	0.0131947221111555	0.0334841227603335	0.136633810087825	15006	14808	0.986805277888844	7.31883272051936	2.86336618991217	0.349239298669889	0.0965699639252855	0.344631183173645	0.0965699639252855
ECA1186	Private	6	0.0491803278688525	0.0334841227603335	0.136633810087825	122	116	0.950819672131147	7.31883272051936	2.86336618991217	0.349239298669889	0.359942592812428	0.332063595456616	0.359942592812428
ECA1187	Accessory	1139	0.153214958299704	0.0891875110874579	0.400081875040343	7434	6295	0.846785041700296	2.49948838571896	2.59991812495966	0.384627496689157	0.382959008788524	0.325696810823008	0.382959008788524
ECA1187	Core	844	0.0563907262644485	0.0891875110874579	0.400081875040343	14967	14123	0.943609273735552	2.49948838571896	2.59991812495966	0.384627496689157	0.140947965360246	0.362938072809579	0.140947965360246
ECA1187	Private	28	0.19047619047619	0.0891875110874579	0.400081875040343	147	119	0.80952380952381	2.49948838571896	2.59991812495966	0.384627496689157	0.47609302585123	0.311365116367413	0.47609302585123
ECA1195	Private	12	0.109090909090909	0.0701684749051777	0.272152863002608	110	98	0.890909090909091	3.6744055857697	2.72784713699739	0.366589456732068	0.400844245720331	0.326597879634024	0.400844245720331
ECA1195	Accessory	886	0.116794094384392	0.0701684749051777	0.272152863002608	7586	6700	0.883205905615608	3.6744055857697	2.72784713699739	0.366589456732068	0.429148872790925	0.323773973122179	0.429148872790925
ECA1195	Core	693	0.0462678595273067	0.0701684749051777	0.272152863002608	14978	14285	0.953732140472693	3.6744055857697	2.72784713699739	0.366589456732068	0.170006881488744	0.349628147243797	0.170006881488744
ECA1202	Core	635	0.0423220474540123	0.0784575058865343	0.413576175866581	15004	14369	0.957677952545988	2.41793424852064	2.58642382413342	0.386634236303112	0.102331928006572	0.370271083806946	0.102331928006572
ECA1202	Accessory	1093	0.149031906190346	0.0784575058865343	0.413576175866581	7334	6241	0.850968093809654	2.41793424852064	2.58642382413342	0.386634236303112	0.360349350099953	0.329013399068411	0.360349350099953
ECA1202	Private	38	0.222222222222222	0.0784575058865343	0.413576175866581	171	133	0.777777777777778	2.41793424852064	2.58642382413342	0.386634236303112	0.537318721893475	0.300715517124643	0.537318721893475
ECA1208	Core	695	0.0463518740829665	0.0803610939021152	0.349834544690167	14994	14299	0.953648125917034	2.85849415152999	2.65016545530983	0.377334931295106	0.132496560978614	0.359844750072611	0.132496560978614
ECA1208	Accessory	1096	0.1472326706072	0.0803610939021152	0.349834544690167	7444	6348	0.8527673293928	2.85849415152999	2.65016545530983	0.377334931295106	0.420863727844824	0.321778901647143	0.420863727844824
ECA1208	Private	25	0.15625	0.0803610939021152	0.349834544690167	160	135	0.84375	2.85849415152999	2.65016545530983	0.377334931295106	0.446639711176561	0.318376348280246	0.446639711176561
ECA1228	Core	722	0.0481525943710818	0.0854407836153161	0.391136494494927	14994	14272	0.951847405628918	2.5566522533043	2.60886350550507	0.383308669805782	0.123109438901274	0.364851362909706	0.123109438901274
ECA1228	Accessory	1171	0.159885308574549	0.0854407836153161	0.391136494494927	7324	6153	0.840114691425451	2.5566522533043	2.60886350550507	0.383308669805782	0.408771134437375	0.322023244854585	0.408771134437375
ECA1228	Private	26	0.183098591549296	0.0854407836153161	0.391136494494927	142	116	0.816901408450704	2.5566522533043	2.60886350550507	0.383308669805782	0.468119426661351	0.31312539223571	0.468119426661351
ECA1237	Accessory	1153	0.153019243530192	0.0833957773174064	0.307633519302428	7535	6382	0.846980756469808	3.25062107103135	2.69236648069757	0.371420461207386	0.497407577292521	0.314585983201797	0.497407577292521
ECA1237	Core	724	0.0482312970488309	0.0833957773174064	0.307633519302428	15011	14287	0.951768702951169	3.25062107103135	2.69236648069757	0.371420461207386	0.156781670470102	0.353506370612879	0.156781670470102
ECA1237	Private	15	0.106382978723404	0.0833957773174064	0.307633519302428	141	126	0.893617021276596	3.25062107103135	2.69236648069757	0.371420461207386	0.345810752237377	0.331907646185324	0.345810752237377
ECA1243	Accessory	961	0.129445043103448	0.0599397056215641	0.236130625250095	7424	6463	0.870554956896552	4.23494410748653	2.7638693747499	0.361811599757853	0.548192522534288	0.31497688163187	0.548192522534288
ECA1243	Core	381	0.0253847691385169	0.0599397056215641	0.236130625250095	15009	14628	0.974615230861483	4.23494410748653	2.7638693747499	0.361811599757853	0.107503078483068	0.352627095826362	0.107503078483068
ECA1243	Private	10	0.0813008130081301	0.0599397056215641	0.236130625250095	123	113	0.91869918699187	4.23494410748653	2.7638693747499	0.361811599757853	0.344304398982644	0.332396022541767	0.344304398982644
ECA1255	Accessory	861	0.114647137150466	0.0524545172856447	0.259037260607256	7510	6649	0.885352862849534	3.86044848395833	2.74096273939274	0.36483531338392	0.442589366802679	0.323007989173061	0.442589366802679
ECA1255	Core	314	0.0209333333333333	0.0524545172856447	0.259037260607256	15000	14686	0.979066666666667	3.86044848395833	2.74096273939274	0.36483531338392	0.080812054930861	0.357198094157083	0.080812054930861
ECA1255	Private	10	0.123456790123457	0.0524545172856447	0.259037260607256	81	71	0.876543209876543	3.86044848395833	2.74096273939274	0.36483531338392	0.47659857826646	0.319793916669856	0.47659857826646
ECA1260	Core	469	0.0312666666666667	0.0683588621444201	0.376125580493335	15000	14531	0.968733333333333	2.65868649159245	2.62387441950666	0.381115800575554	0.0831282643037906	0.369199579877559	0.0831282643037906
ECA1260	Accessory	1063	0.137962362102531	0.0683588621444201	0.376125580493335	7705	6642	0.862037637897469	2.65868649159245	2.62387441950666	0.381115800575554	0.366798668470185	0.328536164493554	0.366798668470185
ECA1260	Private	30	0.206896551724138	0.0683588621444201	0.376125580493335	145	115	0.793103448275862	2.65868649159245	2.62387441950666	0.381115800575554	0.550073067226024	0.302264255628888	0.550073067226024
ECA1286	Accessory	1259	0.170227149810708	0.0912591281256915	0.432350428305506	7396	6137	0.829772850189291	2.31293861305807	2.56764957169449	0.389461245422233	0.393724947788009	0.323164367652277	0.393724947788009
ECA1286	Core	762	0.0507830723092303	0.0912591281256915	0.432350428305506	15005	14243	0.94921692769077	2.31293861305807	2.56764957169449	0.389461245422233	0.117458128833739	0.369683206834313	0.117458128833739
ECA1286	Private	41	0.211340206185567	0.0912591281256915	0.432350428305506	194	153	0.788659793814433	2.31293861305807	2.56764957169449	0.389461245422233	0.488816923378252	0.30715242551341	0.488816923378252
ECA1287	Core	649	0.043324432576769	0.083036303630363	0.349036401584382	14980	14331	0.956675567423231	2.86503068293363	2.65096359841562	0.377221324577094	0.124125828653133	0.360878424733935	0.124125828653133
ECA1287	Accessory	1215	0.160142348754448	0.083036303630363	0.349036401584382	7587	6372	0.839857651245552	2.86503068293363	2.65096359841562	0.377221324577094	0.458812742818554	0.316812215659054	0.458812742818554
ECA1287	Private	23	0.145569620253165	0.083036303630363	0.349036401584382	158	135	0.854430379746835	2.86503068293363	2.65096359841562	0.377221324577094	0.417061428528314	0.322309359607011	0.417061428528314
ECA1409	Accessory	1489	0.196308503625577	0.104594200979743	0.39183171290929	7585	6096	0.803691496374423	2.55211604128505	2.60816828709071	0.383410842371469	0.5010020811435	0.308144033631704	0.5010020811435
ECA1409	Core	870	0.0580232092837135	0.104594200979743	0.39183171290929	14994	14124	0.941976790716286	2.55211604128505	2.60816828709071	0.383410842371469	0.148081963179805	0.361164114822904	0.148081963179805
ECA1409	Private	11	0.1375	0.104594200979743	0.39183171290929	80	69	0.8625	2.55211604128505	2.60816828709071	0.383410842371469	0.350915955676695	0.330691851545392	0.350915955676695
ECA1413	Accessory	758	0.0996188723879616	0.0470318830368152	0.199349524455233	7609	6851	0.900381127612038	5.01631495100237	2.80065047554477	0.357059907593605	0.499719638961729	0.32149000222418	0.499719638961729
ECA1413	Core	303	0.0201851975218173	0.0470318830368152	0.199349524455233	15011	14708	0.979814802478183	5.01631495100237	2.80065047554477	0.357059907593605	0.101255308117628	0.349852582831706	0.101255308117628
ECA1413	Private	7	0.0795454545454545	0.0470318830368152	0.199349524455233	88	81	0.920454545454545	5.01631495100237	2.80065047554477	0.357059907593605	0.399025052920643	0.328657414944114	0.399025052920643
ECA1493	Accessory	2460	0.331849453662485	0.191146704215436	0.838675114597963	7413	4953	0.668150546337515	1.19235682875767	2.16132488540204	0.46267916811312	0.395682962193965	0.309139338953768	0.395682962193965
ECA1493	Private	112	0.388888888888889	0.191146704215436	0.838675114597963	288	176	0.611111111111111	1.19235682875767	2.16132488540204	0.46267916811312	0.463694322294648	0.282748380513574	0.463694322294648
ECA1493	Core	1772	0.117936772046589	0.191146704215436	0.838675114597963	15025	13253	0.882063227953411	1.19235682875767	2.16132488540204	0.46267916811312	0.140622715511387	0.408112280532658	0.140622715511387
ECA1693	Accessory	1110	0.147665292004789	0.074694111930739	0.374572230378865	7517	6407	0.852334707995211	2.66971205790814	2.62542776962113	0.380890311122254	0.394223810599712	0.324646032108592	0.394223810599712
ECA1693	Core	559	0.0372517659602826	0.074694111930739	0.374572230378865	15006	14447	0.962748234039717	2.66971205790814	2.62542776962113	0.380890311122254	0.0994514887625382	0.366701474395789	0.0994514887625382
ECA1693	Private	22	0.189655172413793	0.074694111930739	0.374572230378865	116	94	0.810344827586207	2.66971205790814	2.62542776962113	0.380890311122254	0.50632470063775	0.30865249349562	0.50632470063775
ECA1725	Accessory	1854	0.242988204456094	0.133606088601469	0.485943710535398	7630	5776	0.757011795543906	2.05785151308622	2.5140562894646	0.397763568059553	0.500033644202077	0.301111712858713	0.500033644202077
ECA1725	Core	1162	0.0776011753706424	0.133606088601469	0.485943710535398	14974	13812	0.922398824629358	2.05785151308622	2.5140562894646	0.397763568059553	0.159691696153745	0.366896647658511	0.159691696153745
ECA1725	Private	21	0.165354330708661	0.133606088601469	0.485943710535398	127	106	0.834645669291339	2.05785151308622	2.5140562894646	0.397763568059553	0.340274659644178	0.331991639482776	0.340274659644178
ECA1751	Accessory	1017	0.135889898450027	0.0763941262588173	0.319727616284039	7484	6467	0.864110101549973	3.12766226334238	2.68027238371596	0.373096408438007	0.425017707351576	0.322396375383296	0.425017707351576
ECA1751	Core	694	0.0463377178340122	0.0763941262588173	0.319727616284039	14977	14283	0.953662282165988	3.12766226334238	2.68027238371596	0.373096408438007	0.144928731438847	0.355807972338923	0.144928731438847
ECA1751	Private	11	0.1375	0.0763941262588173	0.319727616284039	80	69	0.8625	3.12766226334238	2.68027238371596	0.373096408438007	0.430053561209577	0.321795652277781	0.430053561209577
ECA1757	Accessory	871	0.116319444444444	0.0538447924962393	0.219638347763348	7488	6617	0.883680555555556	4.55293900260743	2.78036165223665	0.359665441075104	0.529595335372739	0.317829356783382	0.529595335372739
ECA1757	Core	338	0.0225108225108225	0.0538447924962393	0.219638347763348	15015	14677	0.977489177489178	4.55293900260743	2.78036165223665	0.359665441075104	0.102490401790297	0.351569076167785	0.102490401790297
ECA1757	Private	8	0.0808080808080808	0.0538447924962393	0.219638347763348	99	91	0.919191919191919	4.55293900260743	2.78036165223665	0.359665441075104	0.367914262836964	0.330601567048833	0.367914262836964
ECA1761	Accessory	1799	0.228241563055062	0.130872774641772	0.680144099770683	7882	6083	0.771758436944938	1.47027666686686	2.31985590022932	0.431061256822525	0.335578244569079	0.332675161792872	0.335578244569079
ECA1761	Core	1152	0.0769025367156208	0.130872774641772	0.680144099770683	14980	13828	0.923097463284379	1.47027666686686	2.31985590022932	0.431061256822525	0.113068005355849	0.397911552693049	0.113068005355849
ECA1761	Private	63	0.375	0.130872774641772	0.680144099770683	168	105	0.625	1.47027666686686	2.31985590022932	0.431061256822525	0.551353750075072	0.269413285514078	0.551353750075072
ECA1769	Accessory	1692	0.220628504368236	0.119530322353666	0.534754394964715	7669	5977	0.779371495631764	1.87001735640898	2.46524560503529	0.405639096549849	0.412579132487156	0.316143549364774	0.412579132487156
ECA1769	Core	1005	0.0670670670670671	0.119530322353666	0.534754394964715	14985	13980	0.932932932932933	1.87001735640898	2.46524560503529	0.405639096549849	0.125416579458861	0.378434072056516	0.125416579458861
ECA1769	Private	21	0.247058823529412	0.119530322353666	0.534754394964715	85	64	0.752941176470588	1.87001735640898	2.46524560503529	0.405639096549849	0.462004288053984	0.30542237857871	0.462004288053984
ECA1825	Accessory	1272	0.162743091095189	0.0915609969392217	0.317073484038253	7816	6544	0.837256908904811	3.15384303746874	2.68292651596175	0.372727316253584	0.513266164746704	0.312068520670861	0.513266164746704
ECA1825	Core	813	0.0543303929430634	0.0915609969392217	0.317073484038253	14964	14151	0.945669607056937	3.15384303746874	2.68292651596175	0.372727316253584	0.171349531506421	0.352476894700913	0.171349531506421
ECA1825	Private	9	0.1	0.0915609969392217	0.317073484038253	90	81	0.9	3.15384303746874	2.68292651596175	0.372727316253584	0.315384303746874	0.335454584628225	0.315384303746874
ECA1843	Core	933	0.0622705733164253	0.10056482216927	0.492080887187951	14983	14050	0.937729426683575	2.0321862239247	2.50791911281205	0.398736942866842	0.126545401249533	0.373907364832085	0.126545401249533
ECA1843	Accessory	1305	0.173560313871525	0.10056482216927	0.492080887187951	7519	6214	0.826439686128475	2.0321862239247	2.50791911281205	0.398736942866842	0.352706878869762	0.329532033910701	0.352706878869762
ECA1843	Private	41	0.25625	0.10056482216927	0.492080887187951	160	119	0.74375	2.0321862239247	2.50791911281205	0.398736942866842	0.520747719880705	0.296560601257214	0.520747719880705
ECA1851	Accessory	2435	0.31154042988741	0.17755991285403	0.78261338817495	7816	5381	0.68845957011259	1.27777011626647	2.21738661182505	0.450981346539716	0.398077051318942	0.31048242396753	0.398077051318942
ECA1851	Core	1583	0.105688342902924	0.17755991285403	0.78261338817495	14978	13395	0.894311657097076	1.27777011626647	2.21738661182505	0.450981346539716	0.13504540619908	0.403317875343804	0.13504540619908
ECA1851	Private	57	0.365384615384615	0.17755991285403	0.78261338817495	156	99	0.634615384615385	1.27777011626647	2.21738661182505	0.450981346539716	0.466877542481978	0.286199700688666	0.466877542481978
ECA1889	Accessory	844	0.112743788405023	0.0526432107496464	0.238492690015993	7486	6642	0.887256211594977	4.1930006321491	2.76150730998401	0.36212107655286	0.472734776053145	0.321294174520985	0.472734776053145
ECA1889	Core	335	0.0223006257489016	0.0526432107496464	0.238492690015993	15022	14687	0.977699374251098	4.1930006321491	2.76150730998401	0.36212107655286	0.093506537862465	0.354045549948865	0.093506537862465
ECA1889	Private	12	0.103448275862069	0.0526432107496464	0.238492690015993	116	104	0.896551724137931	4.1930006321491	2.76150730998401	0.36212107655286	0.43375868608439	0.32466027553015	0.43375868608439
ECA191	Core	719	0.0479397252967062	0.0880074786324786	0.47164188621206	14998	14279	0.952060274703294	2.12025273673505	2.52835811378794	0.395513592218872	0.101644333758668	0.376552779256786	0.101644333758668
ECA191	Accessory	1221	0.16675771647091	0.0880074786324786	0.47164188621206	7322	6101	0.83324228352909	2.12025273673505	2.52835811378794	0.395513592218872	0.353568504719133	0.329558648747247	0.353568504719133
ECA191	Private	37	0.256944444444444	0.0880074786324786	0.47164188621206	144	107	0.743055555555556	2.12025273673505	2.52835811378794	0.395513592218872	0.544787161522199	0.293888571995968	0.544787161522199
ECA1943	Core	358	0.0238364737998535	0.0625790414722428	0.227559628233908	15019	14661	0.976163526200146	4.39445260023057	2.77244037176609	0.360693059509512	0.104748254270094	0.352095408846724	0.104748254270094
ECA1943	Accessory	1070	0.137056487767388	0.0625790414722428	0.227559628233908	7807	6737	0.862943512232612	4.39445260023057	2.77244037176609	0.360693059509512	0.602288239047868	0.311257735611065	0.602288239047868
ECA1943	Private	7	0.0666666666666667	0.0625790414722428	0.227559628233908	105	98	0.933333333333333	4.39445260023057	2.77244037176609	0.360693059509512	0.292963506682038	0.336646855542211	0.292963506682038
ECA1997	Accessory	1235	0.165372254954472	0.0886725663716814	0.294695551388469	7468	6233	0.834627745045528	3.39333252669903	2.70530444861153	0.369644163529631	0.561163051750577	0.308515274675977	0.561163051750577
ECA1997	Core	759	0.0505831389536821	0.0886725663716814	0.294695551388469	15005	14246	0.949416861046318	3.39333252669903	2.70530444861153	0.369644163529631	0.171645410714066	0.350946401442394	0.171645410714066
ECA1997	Private	10	0.078740157480315	0.0886725663716814	0.294695551388469	127	117	0.921259842519685	3.39333252669903	2.70530444861153	0.369644163529631	0.267191537535357	0.340538323881629	0.267191537535357
ECA2081	Accessory	1176	0.156925540432346	0.0844391365888181	0.308138574351545	7494	6318	0.843074459567654	3.24529313509166	2.69186142564846	0.371490148219315	0.509269379085641	0.313193855944706	0.509269379085641
ECA2081	Core	720	0.0480384307445957	0.0844391365888181	0.308138574351545	14988	14268	0.951961569255404	3.24529313509166	2.69186142564846	0.371490148219315	0.155898789516013	0.353644344461781	0.155898789516013
ECA2081	Private	13	0.103174603174603	0.0844391365888181	0.308138574351545	126	113	0.896825396825397	3.24529313509166	2.69186142564846	0.371490148219315	0.334831831398346	0.333161799593512	0.334831831398346
ECA2109	Accessory	2423	0.306243680485339	0.177108276372502	0.628358574281242	7912	5489	0.693756319514661	1.59144800585218	2.37164142571876	0.421648900696249	0.487370894613224	0.292521589474433	0.487370894613224
ECA2109	Core	1626	0.108631747728487	0.177108276372502	0.628358574281242	14968	13342	0.891368252271513	1.59144800585218	2.37164142571876	0.421648900696249	0.172881778294738	0.37584444368582	0.172881778294738
ECA2109	Private	19	0.213483146067416	0.177108276372502	0.628358574281242	89	70	0.786516853932584	1.59144800585218	2.37164142571876	0.421648900696249	0.339747327092038	0.331633966839747	0.339747327092038
ECA2111	Core	213	0.0141914851089346	0.0374589266155531	0.192928646415965	15009	14796	0.985808514891065	5.18326344260948	2.80707135358404	0.356243170920188	0.0735582059614777	0.351187551264914	0.0735582059614777
ECA2111	Accessory	633	0.081962967758643	0.0374589266155531	0.192928646415965	7723	7090	0.918037032241357	5.18326344260948	2.80707135358404	0.356243170920188	0.424835654431154	0.32704442338782	0.424835654431154
ECA2111	Private	9	0.0967741935483871	0.0374589266155531	0.192928646415965	93	84	0.903225806451613	5.18326344260948	2.80707135358404	0.356243170920188	0.501606139607369	0.321768025347266	0.501606139607369
ECA2151	Private	23	0.144654088050314	0.105270132968149	0.398664693258821	159	136	0.855345911949686	2.50837362051216	2.60133530674118	0.384417955427957	0.362846498564652	0.328810326655359	0.362846498564652
ECA2151	Accessory	1442	0.192806524936489	0.105270132968149	0.398664693258821	7479	6037	0.807193475063511	2.50837362051216	2.60133530674118	0.384417955427957	0.483630801013309	0.310299665318702	0.483630801013309
ECA2151	Core	918	0.0612040802720181	0.105270132968149	0.398664693258821	14999	14081	0.938795919727982	2.50837362051216	2.60133530674118	0.384417955427957	0.153522700422039	0.360890008025939	0.153522700422039
ECA2187	Accessory	2249	0.287964148527529	0.16141715084531	0.521878221575234	7810	5561	0.712035851472471	1.91615583609066	2.47812177842477	0.403531419927093	0.551784183785902	0.287328838183683	0.551784183785902
ECA2187	Core	1433	0.0956162007072796	0.16141715084531	0.521878221575234	14987	13554	0.90438379929272	1.91615583609066	2.47812177842477	0.403531419927093	0.18321554101007	0.364947278687651	0.18321554101007
ECA2187	Private	13	0.138297872340426	0.16141715084531	0.521878221575234	94	81	0.861702127659574	1.91615583609066	2.47812177842477	0.403531419927093	0.265000275204028	0.347723883128666	0.265000275204028
ECA2199	Accessory	2332	0.31663272233537	0.182124567776951	0.7650778074824	7365	5033	0.68336727766463	1.30705660289722	2.2349221925176	0.447442869979074	0.413856890421768	0.305767815968049	0.413856890421768
ECA2199	Core	1686	0.111974496911735	0.182124567776951	0.7650778074824	15057	13371	0.888025503088265	1.30705660289722	2.2349221925176	0.447442869979074	0.146357005544578	0.397340679716424	0.146357005544578
ECA2199	Private	143	0.336470588235294	0.182124567776951	0.7650778074824	425	282	0.663529411764706	1.30705660289722	2.2349221925176	0.447442869979074	0.439786104033654	0.296891504315527	0.439786104033654
ECA2281	Core	1624	0.108425691013486	0.175010883761428	0.547938003168604	14978	13354	0.891574308986514	1.82502398851188	2.4520619968314	0.407820031178747	0.197879487070589	0.36360186248905	0.197879487070589
ECA2281	Accessory	2384	0.301581277672359	0.175010883761428	0.547938003168604	7905	5521	0.698418722327641	1.82502398851188	2.4520619968314	0.407820031178747	0.550393066238117	0.284829145115479	0.550393066238117
ECA2281	Private	12	0.137931034482759	0.175010883761428	0.547938003168604	87	75	0.862068965517241	1.82502398851188	2.4520619968314	0.407820031178747	0.251727446691293	0.351568992395471	0.251727446691293
ECA2336	Accessory	2186	0.27741116751269	0.156270432849483	0.590494989386356	7880	5694	0.72258883248731	1.69349447154362	2.40950501061364	0.415023000821784	0.469794278527201	0.299890985619193	0.469794278527201
ECA2336	Core	1380	0.0921535893155259	0.156270432849483	0.590494989386356	14975	13595	0.907846410684474	1.69349447154362	2.40950501061364	0.415023000821784	0.156061594038744	0.376777141647556	0.156061594038744
ECA2336	Private	19	0.22093023255814	0.156270432849483	0.590494989386356	86	67	0.779069767441861	1.69349447154362	2.40950501061364	0.415023000821784	0.374144127434055	0.323331872733251	0.374144127434055
ECA2367	Accessory	1297	0.171221122112211	0.0987181181445751	0.4085230605907	7575	6278	0.828778877887789	2.44784223087445	2.5914769394093	0.385880339042469	0.419122293523983	0.319809474390577	0.419122293523983
ECA2367	Core	916	0.0612013095476715	0.0987181181445751	0.4085230605907	14967	14051	0.938798690452328	2.44784223087445	2.5914769394093	0.385880339042469	0.14981115009561	0.36226395696437	0.14981115009561
ECA2367	Private	28	0.176100628930818	0.0987181181445751	0.4085230605907	159	131	0.823899371069182	2.44784223087445	2.5914769394093	0.385880339042469	0.431066556380407	0.317926568645053	0.431066556380407
ECA2377	Accessory	1033	0.1304128266633	0.0622347336509311	0.232958391061039	7921	6888	0.8695871733367	4.29261206452093	2.76704160893896	0.361396806166372	0.559811673103159	0.314266027127127	0.559811673103159
ECA2377	Core	392	0.0261124433786304	0.0622347336509311	0.232958391061039	15012	14620	0.97388755662137	4.29261206452093	2.76704160893896	0.361396806166372	0.112090589481229	0.351959852528135	0.112090589481229
ECA2377	Private	12	0.0764331210191083	0.0622347336509311	0.232958391061039	157	145	0.923566878980892	4.29261206452093	2.76704160893896	0.361396806166372	0.328097737415612	0.333774120344739	0.328097737415612
ECA2417	Accessory	1147	0.152202760084926	0.082366435787709	0.311990982474477	7536	6389	0.847797239915074	3.20522084346398	2.68800901752552	0.372022561487	0.487843459056951	0.315399700814815	0.487843459056951
ECA2417	Core	705	0.0470062675023336	0.082366435787709	0.311990982474477	14998	14293	0.952993732497666	3.20522084346398	2.68800901752552	0.372022561487	0.150665468371923	0.354535169444839	0.150665468371923
ECA2417	Private	15	0.112781954887218	0.082366435787709	0.311990982474477	133	118	0.887218045112782	3.20522084346398	2.68800901752552	0.372022561487	0.361491072571125	0.330065129740346	0.361491072571125
ECA2452	Accessory	867	0.113214938626273	0.0560094886663152	0.261045354735011	7658	6791	0.886785061373727	3.83075194352762	2.73895464526499	0.365102796327338	0.433698346178957	0.323767705648858	0.433698346178957
ECA2452	Core	395	0.0263350890059337	0.0560094886663152	0.261045354735011	14999	14604	0.973664910994066	3.83075194352762	2.73895464526499	0.365102796327338	0.100883193392454	0.355487781689742	0.100883193392454
ECA2452	Private	13	0.121495327102804	0.0560094886663152	0.261045354735011	107	94	0.878504672897196	3.83075194352762	2.73895464526499	0.365102796327338	0.46541846042859	0.3207445126614	0.46541846042859
ECA2473	Core	716	0.0477428819097153	0.0838400426079624	0.301670685452162	14997	14281	0.952257118090285	3.31487296653018	2.69832931454784	0.370599687224452	0.158261588586758	0.352906190121518	0.158261588586758
ECA2473	Accessory	1162	0.156582670799084	0.0838400426079624	0.301670685452162	7421	6259	0.843417329200916	3.31487296653018	2.69832931454784	0.370599687224452	0.519051662458977	0.312570198401543	0.519051662458977
ECA2473	Private	11	0.0973451327433628	0.0838400426079624	0.301670685452162	113	102	0.902654867256637	3.31487296653018	2.69832931454784	0.370599687224452	0.322686748954265	0.334523611476939	0.322686748954265
ECA248	Accessory	505	0.0673064107690257	0.0281396791633431	0.0920348697319766	7503	6998	0.932693589230974	10.865447008424	2.90796513026802	0.343883078098612	0.731314239538069	0.32073754238759	0.731314239538069
ECA248	Core	129	0.00859942670488634	0.0281396791633431	0.0920348697319766	15001	14872	0.991400573295114	10.865447008424	2.90796513026802	0.343883078098612	0.093436615164769	0.340925880773453	0.093436615164769
ECA248	Private	1	0.0161290322580645	0.0281396791633431	0.0920348697319766	62	61	0.983870967741935	10.865447008424	2.90796513026802	0.343883078098612	0.175249145297162	0.338336576838957	0.175249145297162
ECA250	Core	110	0.00732991270740321	0.0256850068170823	0.0993548667425787	15007	14897	0.992670087292597	10.0649322251212	2.90064513325742	0.344750893011515	0.0737750746160677	0.342223899059941	0.0737750746160677
ECA250	Accessory	471	0.0617219237321452	0.0256850068170823	0.0993548667425787	7631	7160	0.938278076267855	10.0649322251212	2.90064513325742	0.344750893011515	0.621226979168139	0.323472204686469	0.621226979168139
ECA250	Private	3	0.0303030303030303	0.0256850068170823	0.0993548667425787	99	96	0.96969696969697	10.0649322251212	2.90064513325742	0.344750893011515	0.304997946215793	0.33430389625359	0.304997946215793
ECA251	Accessory	458	0.0605659878339064	0.0244796959922231	0.0847509798884115	7562	7104	0.939434012166094	11.7992736050564	2.91524902011159	0.343023869693891	0.714634661612779	0.322248290175271	0.714634661612779
ECA251	Core	95	0.00632784919736229	0.0244796959922231	0.0847509798884115	15013	14918	0.993672150802638	11.7992736050564	2.91524902011159	0.343023869693891	0.0746640240112142	0.340853266375372	0.0746640240112142
ECA251	Private	1	0.0178571428571429	0.0244796959922231	0.0847509798884115	56	55	0.982142857142857	11.7992736050564	2.91524902011159	0.343023869693891	0.210701314376007	0.336898443449357	0.210701314376007
ECA2529	Accessory	598	0.0798717777480967	0.0350558411629144	0.169262352504363	7487	6889	0.920128222251903	5.9079883104793	2.83073764749564	0.353264810988296	0.471881529272956	0.325048922518815	0.471881529272956
ECA2529	Core	187	0.0124674978331889	0.0350558411629144	0.169262352504363	14999	14812	0.987532502166811	5.9079883104793	2.83073764749564	0.353264810988296	0.0736578314594059	0.348860482722757	0.0736578314594059
ECA2529	Private	6	0.0769230769230769	0.0350558411629144	0.169262352504363	78	72	0.923076923076923	5.9079883104793	2.83073764749564	0.353264810988296	0.454460639267638	0.326090594758427	0.454460639267638
ECA2555	Accessory	583	0.076963696369637	0.0329288666139101	0.11198996888779	7575	6992	0.923036303630363	8.92937117432336	2.88801003111221	0.346259185123013	0.687237411832412	0.319609798334007	0.687237411832412
ECA2555	Core	163	0.010832724131056	0.0329288666139101	0.11198996888779	15047	14884	0.989167275868944	8.92937117432336	2.88801003111221	0.346259185123013	0.0967294145952488	0.342508254892731	0.0967294145952488
ECA2555	Private	3	0.0241935483870968	0.0329288666139101	0.11198996888779	124	121	0.975806451612903	8.92937117432336	2.88801003111221	0.346259185123013	0.216033173572339	0.337881946773262	0.216033173572339
ECA2561	Accessory	951	0.125279936767224	0.0644094696468721	0.197501816835381	7591	6640	0.874720063232776	5.06324456161081	2.80249818316462	0.356824495376046	0.634322958515595	0.312121545158338	0.634322958515595
ECA2561	Core	506	0.0337603416066186	0.0644094696468721	0.197501816835381	14988	14482	0.966239658393381	5.06324456161081	2.80249818316462	0.356824495376046	0.170936866037835	0.344777978518541	0.170936866037835
ECA2561	Private	4	0.0384615384615385	0.0644094696468721	0.197501816835381	104	100	0.961538461538462	5.06324456161081	2.80249818316462	0.356824495376046	0.19474017544657	0.343100476323121	0.19474017544657
ECA2565	Accessory	299	0.0398666666666667	0.0143084965003987	0.102737662018174	7500	7201	0.960133333333333	9.73352887690889	2.89726233798183	0.345153418415186	0.388043351226101	0.331393302134367	0.388043351226101
ECA2565	Core	20	0.00133253381304551	0.0143084965003987	0.102737662018174	15009	14989	0.998667466186954	9.73352887690889	2.89726233798183	0.345153418415186	0.0129702563487359	0.344693489814459	0.0129702563487359
ECA2565	Private	4	0.0615384615384615	0.0143084965003987	0.102737662018174	65	61	0.938461538461538	9.73352887690889	2.89726233798183	0.345153418415186	0.598986392425163	0.323913208051174	0.598986392425163
ECA2581	Core	809	0.0539765145449693	0.0941207603757774	0.319265625714575	14988	14179	0.946023485455031	3.13218812003897	2.68073437428542	0.373032110004021	0.169064597618863	0.352897136892648	0.169064597618863
ECA2581	Accessory	1317	0.1733350881811	0.0941207603757774	0.319265625714575	7598	6281	0.8266649118189	3.13218812003897	2.68073437428542	0.373032110004021	0.542918103986749	0.308372556322092	0.542918103986749
ECA2581	Private	8	0.0919540229885057	0.0941207603757774	0.319265625714575	87	79	0.908045977011494	3.13218812003897	2.68073437428542	0.373032110004021	0.288017298394388	0.33873030678526	0.288017298394388
ECA259	Accessory	612	0.0810703404424427	0.0379584622182943	0.22345051253764	7549	6937	0.918929659557557	4.47526384541879	2.77654948746236	0.360159256845789	0.362811163517857	0.330961023279804	0.362811163517857
ECA259	Core	237	0.0157978936141848	0.0379584622182943	0.22345051253764	15002	14765	0.984202106385815	4.47526384541879	2.77654948746236	0.360159256845789	0.0706997421253336	0.354469499221975	0.0706997421253336
ECA259	Private	10	0.126582278481013	0.0379584622182943	0.22345051253764	79	69	0.873417721518987	4.47526384541879	2.77654948746236	0.360159256845789	0.566489094356809	0.314569477498221	0.566489094356809
ECA2607	Accessory	341	0.047873087182367	0.0188254368582237	0.109879044718269	7123	6782	0.952126912817633	9.10091639915516	2.89012095528173	0.346006279831468	0.435688964216189	0.32944189103145	0.435688964216189
ECA2607	Core	73	0.0048631003930451	0.0188254368582237	0.109879044718269	15011	14938	0.995136899606955	9.10091639915516	2.89012095528173	0.346006279831468	0.0442586701178021	0.344323616556024	0.0442586701178021
ECA2607	Private	4	0.0571428571428571	0.0188254368582237	0.109879044718269	70	66	0.942857142857143	9.10091639915516	2.89012095528173	0.346006279831468	0.520052365666009	0.326234492412527	0.520052365666009
ECA2676	Accessory	860	0.115096359743041	0.0478324532990194	0.238311186222358	7472	6612	0.884903640256959	4.19619412689652	2.76168881377764	0.362097277220791	0.482966668780917	0.320421198739811	0.482966668780917
ECA2676	Core	212	0.0141239173884077	0.0478324532990194	0.238311186222358	15010	14798	0.985876082611592	4.19619412689652	2.76168881377764	0.362097277220791	0.0592666991940082	0.356983045190757	0.0592666991940082
ECA2676	Private	6	0.109090909090909	0.0478324532990194	0.238311186222358	55	49	0.890909090909091	4.19619412689652	2.76168881377764	0.362097277220791	0.457766632025075	0.322595756069432	0.457766632025075
ECA2948	Accessory	1439	0.190117584885718	0.101073938215406	0.352274775791575	7569	6130	0.809882415114282	2.83869316999198	2.64772522420843	0.377682695642621	0.539685489710458	0.305878573693918	0.539685489710458
ECA2948	Core	841	0.0560965848452508	0.101073938215406	0.352274775791575	14992	14151	0.943903415154749	2.83869316999198	2.64772522420843	0.377682695642621	0.159240992260089	0.356495986261921	0.159240992260089
ECA2948	Private	7	0.106060606060606	0.101073938215406	0.352274775791575	66	59	0.893939393939394	2.83869316999198	2.64772522420843	0.377682695642621	0.301073518029452	0.337625440044161	0.301073518029452
ECA2952	Accessory	2082	0.26394523326572	0.152885911878561	0.475823885185586	7888	5806	0.73605476673428	2.10161791186663	2.52417611481441	0.396168870361696	0.554712029983053	0.291601985461461	0.554712029983053
ECA2952	Core	1418	0.0946911519198664	0.152885911878561	0.475823885185586	14975	13557	0.905308848080134	2.10161791186663	2.52417611481441	0.396168870361696	0.199004620970076	0.358655183672354	0.199004620970076
ECA2952	Private	15	0.1171875	0.152885911878561	0.475823885185586	128	113	0.8828125	2.10161791186663	2.52417611481441	0.396168870361696	0.246283349046871	0.349742830866184	0.246283349046871
ECA2968	Core	216	0.0143160127253446	0.0312758635710241	0.0957969459153344	15088	14872	0.985683987274655	10.4387461462895	2.90420305408467	0.344328540868908	0.149441222666923	0.33939912909613	0.149441222666923
ECA2968	Accessory	499	0.0649063475546306	0.0312758635710241	0.0957969459153344	7688	7189	0.935093652445369	10.4387461462895	2.90420305408467	0.344328540868908	0.677540885405627	0.321979432922292	0.677540885405627
ECA2968	Private	3	0.0165745856353591	0.0312758635710241	0.0957969459153344	181	178	0.983425414364641	10.4387461462895	2.90420305408467	0.344328540868908	0.17301789192745	0.338621437981578	0.17301789192745
ECA3005	Private	67	0.25968992248062	0.133420479302832	0.577409207070156	258	191	0.74031007751938	1.73187401197518	2.42259079292984	0.412781226989894	0.449750227916035	0.305586102151433	0.449750227916035
ECA3005	Core	1132	0.0754566057858952	0.133420479302832	0.577409207070156	15002	13870	0.924543394214105	1.73187401197518	2.42259079292984	0.412781226989894	0.130681334592448	0.381634156669099	0.130681334592448
ECA3005	Accessory	1863	0.242262678803641	0.133420479302832	0.577409207070156	7690	5827	0.757737321196359	1.73187401197518	2.42259079292984	0.412781226989894	0.419568437491517	0.312779741179468	0.419568437491517
ECA3012	Accessory	1154	0.155756512349845	0.092002485354163	0.333655789762818	7409	6255	0.844243487650155	2.99710069683148	2.66634421023718	0.375045350919282	0.46681795169976	0.316629595087071	0.46681795169976
ECA3012	Core	903	0.0602522185894442	0.092002485354163	0.333655789762818	14987	14084	0.939747781410556	2.99710069683148	2.66634421023718	0.375045350919282	0.180581966320066	0.352448036454739	0.180581966320066
ECA3012	Private	16	0.117647058823529	0.092002485354163	0.333655789762818	136	120	0.882352941176471	2.99710069683148	2.66634421023718	0.375045350919282	0.352600081980174	0.33092236845819	0.352600081980174
ECA3025	Accessory	999	0.126391700404858	0.0729946058813294	0.318442518472343	7904	6905	0.873608299595142	3.14028417058525	2.68155748152766	0.372917607356419	0.39690585607473	0.32578391685173	0.39690585607473
ECA3025	Core	662	0.0442247311109627	0.0729946058813294	0.318442518472343	14969	14307	0.955775268889037	3.14028417058525	2.68155748152766	0.372917607356419	0.138878223056145	0.356425426444538	0.138878223056145
ECA3025	Private	17	0.147826086956522	0.0729946058813294	0.318442518472343	115	98	0.852173913043478	3.14028417058525	2.68155748152766	0.372917607356419	0.464215920869124	0.317790656703731	0.464215920869124
ECA3035	Core	291	0.0193304105221204	0.051888254305574	0.280143428868439	15054	14763	0.98066958947788	3.56960005822454	2.71985657113156	0.367666446317043	0.0690018345252651	0.360559302974526	0.0690018345252651
ECA3035	Accessory	856	0.116304347826087	0.051888254305574	0.280143428868439	7360	6504	0.883695652173913	3.56960005822454	2.71985657113156	0.367666446317043	0.415160006771767	0.324905240060605	0.415160006771767
ECA3035	Private	25	0.144508670520231	0.051888254305574	0.280143428868439	173	148	0.855491329479769	3.56960005822454	2.71985657113156	0.367666446317043	0.515838158702968	0.314535456964869	0.515838158702968
ECA3088	Core	1773	0.118042609853529	0.187122736418511	0.831611666372547	15020	13247	0.881957390146471	1.2024843330565	2.16838833362745	0.46117200710406	0.141944388981969	0.406734059794107	0.141944388981969
ECA3088	Accessory	2373	0.315978695073236	0.187122736418511	0.831611666372547	7510	5137	0.684021304926764	1.2024843330565	2.16838833362745	0.46117200710406	0.379959430405204	0.315451478095014	0.379959430405204
ECA3088	Private	132	0.397590361445783	0.187122736418511	0.831611666372547	332	200	0.602409638554217	1.2024843330565	2.16838833362745	0.46117200710406	0.478096180612827	0.277814462110879	0.478096180612827
ECA347	Accessory	1192	0.159806944630648	0.0915664788607427	0.36512084675235	7459	6267	0.840193055369353	2.73881923997144	2.63487915324765	0.379524047153145	0.437682334635468	0.318873468763743	0.437682334635468
ECA347	Core	856	0.0571657539735542	0.0915664788607427	0.36512084675235	14974	14118	0.942834246026446	2.73881923997144	2.63487915324765	0.379524047153145	0.156566666850244	0.357828268846541	0.156566666850244
ECA347	Private	16	0.148148148148148	0.0915664788607427	0.36512084675235	108	92	0.851851851851852	2.73881923997144	2.63487915324765	0.379524047153145	0.405750998514288	0.323298262389716	0.405750998514288
ECA36	Core	1011	0.0675350701402806	0.114788639655854	0.448360060388623	14970	13959	0.932464929859719	2.23035031071509	2.55163993961138	0.391904823433789	0.15062686467154	0.365437503694874	0.15062686467154
ECA36	Accessory	1583	0.205824990248342	0.114788639655854	0.448360060388623	7691	6108	0.794175009751658	2.23035031071509	2.55163993961138	0.391904823433789	0.45906183095332	0.311241016972251	0.45906183095332
ECA36	Private	21	0.175	0.114788639655854	0.448360060388623	120	99	0.825	2.23035031071509	2.55163993961138	0.391904823433789	0.39031130437514	0.323321479332876	0.39031130437514
ECA369	Core	1016	0.0675352299920234	0.128163515943682	0.628271250777466	15044	14028	0.932464770007977	1.59166920141982	2.37172874922253	0.421633376214631	0.107493745589108	0.393158269179662	0.107493745589108
ECA369	Accessory	1810	0.242855226083456	0.128163515943682	0.628271250777466	7453	5643	0.757144773916544	1.59166920141982	2.37172874922253	0.421633376214631	0.386545183760884	0.319237507309696	0.386545183760884
ECA369	Private	96	0.317880794701987	0.128163515943682	0.628271250777466	302	206	0.682119205298013	1.59166920141982	2.37172874922253	0.421633376214631	0.505961070650008	0.287604223510642	0.505961070650008
ECA594	Private	10	0.103092783505155	0.0482279545152869	0.228735554328341	97	87	0.896907216494845	4.37186078454834	2.77126444567166	0.360846111803536	0.450707297376117	0.323645481720697	0.450707297376117
ECA594	Core	279	0.0185715236637156	0.0482279545152869	0.228735554328341	15023	14744	0.981428476336284	4.37186078454834	2.77126444567166	0.360846111803536	0.0811921160147099	0.354144649699217	0.0811921160147099
ECA594	Accessory	801	0.107071247159471	0.0482279545152869	0.228735554328341	7481	6680	0.892928752840529	4.37186078454834	2.77126444567166	0.360846111803536	0.468100586609173	0.322209868580086	0.468100586609173
ECA701	Core	1454	0.096842946583189	0.173897921919833	0.732041220062758	15014	13560	0.903157053416811	1.36604329454873	2.26795877993724	0.440925121235083	0.132291657804306	0.398224633272128	0.132291657804306
ECA701	Accessory	2428	0.318844386080105	0.173897921919833	0.732041220062758	7615	5187	0.681155613919895	1.36604329454873	2.26795877993724	0.440925121235083	0.435555235609233	0.300338621647587	0.435555235609233
ECA701	Private	118	0.316353887399464	0.173897921919833	0.732041220062758	373	255	0.683646112600536	1.36604329454873	2.26795877993724	0.440925121235083	0.432153106586461	0.301436745080285	0.432153106586461
ECA703	Core	377	0.0251501000667111	0.0649310191366266	0.311700434962667	14990	14613	0.974849899933289	3.20820854844098	2.68829956503733	0.371982353828976	0.0806867660281688	0.362626960407127	0.0806867660281688
ECA703	Accessory	1062	0.14470636326475	0.0649310191366266	0.311700434962667	7339	6277	0.85529363673525	3.20820854844098	2.68829956503733	0.371982353828976	0.464248191639777	0.318154140207724	0.464248191639777
ECA703	Private	20	0.141843971631206	0.0649310191366266	0.311700434962667	141	121	0.858156028368794	3.20820854844098	2.68829956503733	0.371982353828976	0.455065042332054	0.31921889938515	0.455065042332054
ECA706	Accessory	963	0.129175050301811	0.0580145920848994	0.285651272027299	7455	6492	0.870824949698189	3.50077208794796	2.7143487279727	0.368412499725812	0.452212410555853	0.320822796541914	0.452212410555853
ECA706	Core	328	0.021860837110104	0.0580145920848994	0.285651272027299	15004	14676	0.978139162889896	3.50077208794796	2.7143487279727	0.368412499725812	0.0765298083742289	0.36035869407998	0.0765298083742289
ECA706	Private	21	0.134615384615385	0.0580145920848994	0.285651272027299	156	135	0.865384615384615	3.50077208794796	2.7143487279727	0.368412499725812	0.471257781069918	0.318818509378106	0.471257781069918
ECA722	Accessory	1149	0.154042096795817	0.0843272373884619	0.369614212926853	7459	6310	0.845957903204183	2.70552366501637	2.63038578707315	0.380172370499579	0.416764538289826	0.321609821403988	0.416764538289826
ECA722	Core	735	0.0489054494643689	0.0843272373884619	0.369614212926853	15029	14294	0.951094550535631	2.70552366501637	2.63038578707315	0.380172370499579	0.132314850874112	0.361579869846363	0.132314850874112
ECA722	Private	25	0.166666666666667	0.0843272373884619	0.369614212926853	150	125	0.833333333333333	2.70552366501637	2.63038578707315	0.380172370499579	0.450920610836062	0.316810308749649	0.450920610836062
ECA723	Core	717	0.0476855546687949	0.0827205882352941	0.302014926485433	15036	14319	0.952314445331205	3.31109462580894	2.69798507351457	0.370646972741527	0.157891383792565	0.352972466260037	0.157891383792565
ECA723	Accessory	1157	0.151103565365025	0.0827205882352941	0.302014926485433	7657	6500	0.848896434634975	3.31109462580894	2.69798507351457	0.370646972741527	0.500318203220706	0.314640893668529	0.500318203220706
ECA723	Private	16	0.103225806451613	0.0827205882352941	0.302014926485433	155	139	0.896774193548387	3.31109462580894	2.69798507351457	0.370646972741527	0.341790412986729	0.332386640071434	0.341790412986729
ECA730	Core	642	0.0427971468568762	0.0694639718804921	0.221313895745584	15001	14359	0.957202853143124	4.51846910304073	2.77868610425442	0.359882319369903	0.193377585771092	0.344480382896636	0.193377585771092
ECA730	Accessory	933	0.121912975303802	0.0694639718804921	0.221313895745584	7653	6720	0.878087024696198	4.51846910304073	2.77868610425442	0.359882319369903	0.550860012169999	0.316007995056285	0.550860012169999
ECA730	Private	6	0.0566037735849057	0.0694639718804921	0.221313895745584	106	100	0.943396226415094	4.51846910304073	2.77868610425442	0.359882319369903	0.255762402058909	0.339511622047079	0.255762402058909
ECA738	Core	341	0.0227000399414193	0.0599470666078518	0.370054774682387	15022	14681	0.977299960058581	2.7023026546767	2.62994522531761	0.380236056011103	0.0613423781949643	0.371604682352483	0.0613423781949643
ECA738	Accessory	993	0.131837493361657	0.0599470666078518	0.370054774682387	7532	6539	0.868162506638343	2.7023026546767	2.62994522531761	0.380236056011103	0.356264808297127	0.330106687500876	0.356264808297127
ECA738	Private	25	0.21551724137931	0.0599470666078518	0.370054774682387	116	91	0.78448275862069	2.7023026546767	2.62994522531761	0.380236056011103	0.582392813507909	0.298288630146641	0.582392813507909
ECA741	Accessory	1364	0.178067885117493	0.103872932985205	0.474561951361692	7660	6296	0.821932114882507	2.10720643981388	2.52543804863831	0.395970909101964	0.375225794243621	0.325461206750126	0.375225794243621
ECA741	Core	967	0.0641289210159825	0.103872932985205	0.474561951361692	15079	14112	0.935871078984018	2.10720643981388	2.52543804863831	0.395970909101964	0.135132875343194	0.370577721947537	0.135132875343194
ECA741	Private	56	0.232365145228216	0.103872932985205	0.474561951361692	241	185	0.767634854771784	2.10720643981388	2.52543804863831	0.395970909101964	0.489641330413185	0.303961071302337	0.489641330413185
ECA742	Accessory	1571	0.205843815513627	0.119907225066737	0.607719684884188	7632	6061	0.794156184486373	1.64549548891208	2.39228031511581	0.418011214522571	0.338715069848122	0.33196619119776	0.338715069848122
ECA742	Core	1099	0.0732373717179795	0.119907225066737	0.607719684884188	15006	13907	0.92676262828202	1.64549548891208	2.39228031511581	0.418011214522571	0.120511764781712	0.387397171822298	0.120511764781712
ECA742	Private	70	0.328638497652582	0.119907225066737	0.607719684884188	213	143	0.671361502347418	1.64549548891208	2.39228031511581	0.418011214522571	0.540773165370166	0.280636636979942	0.540773165370166
ECA768	Core	335	0.0223244035719046	0.0485639454876371	0.222443903236859	15006	14671	0.977675596428095	4.49551543309864	2.77755609676314	0.360028732152471	0.100359700792219	0.351991305438418	0.100359700792219
ECA768	Accessory	747	0.100945945945946	0.0485639454876371	0.222443903236859	7400	6653	0.899054054054054	4.49551543309864	2.77755609676314	0.360028732152471	0.453804057908741	0.32368529121762	0.453804057908741
ECA768	Private	12	0.0991735537190083	0.0485639454876371	0.222443903236859	121	109	0.900826446280992	4.49551543309864	2.77755609676314	0.360028732152471	0.445836241299039	0.324323403343962	0.445836241299039
ECA923	Core	215	0.0143142476697736	0.0500529661016949	0.201864395357469	15020	14805	0.985685752330226	4.95382059936405	2.79813560464253	0.357380821122768	0.0709102149709235	0.352265183536789	0.0709102149709235
ECA923	Accessory	914	0.120883481021029	0.0500529661016949	0.201864395357469	7561	6647	0.879116518978971	4.95382059936405	2.79813560464253	0.357380821122768	0.598835078404807	0.314179383415294	0.598835078404807
ECA923	Private	5	0.0666666666666667	0.0500529661016949	0.201864395357469	75	70	0.933333333333333	4.95382059936405	2.79813560464253	0.357380821122768	0.33025470662427	0.333555433047917	0.33025470662427
ED3017	Accessory	188	0.0252824098977945	0.0126537317408871	0.0317421861364733	7436	7248	0.974717590102205	31.5038162683746	2.96825781386353	0.336897959243771	0.796492396241853	0.32838036694444	0.796492396241853
ED3017	Core	97	0.00645977623867874	0.0126537317408871	0.0317421861364733	15016	14919	0.993540223761321	31.5038162683746	2.96825781386353	0.336897959243771	0.203507603758147	0.334721673811789	0.203507603758147
ED3017	Private	0	0	0.0126537317408871	0.0317421861364733	71	71	1	31.5038162683746	2.96825781386353	0.336897959243771	0	0.336897959243771	0
ED3049	Accessory	529	0.0722085722085722	0.0334522747546833	0.127817477731707	7326	6797	0.927791427791428	7.82365618338228	2.87218252226829	0.348167288202233	0.564935042452802	0.323026625431419	0.564935042452802
ED3049	Core	218	0.0145130151121763	0.0334522747546833	0.127817477731707	15021	14803	0.985486984887824	7.82365618338228	2.87218252226829	0.348167288202233	0.113544840421899	0.343114331086988	0.113544840421899
ED3049	Private	3	0.0410958904109589	0.0334522747546833	0.127817477731707	73	70	0.958904109589041	7.82365618338228	2.87218252226829	0.348167288202233	0.321520117125299	0.333859043481593	0.321520117125299
ED3073	Accessory	436	0.0589747058027864	0.0237268518518519	0.0912845994572179	7393	6957	0.941025294197214	10.9547503735136	2.90871540054278	0.343794377343825	0.646053180420931	0.323519205083321	0.646053180420931
ED3073	Core	95	0.0063358676804055	0.0237268518518519	0.0912845994572179	14994	14899	0.993664132319594	10.9547503735136	2.90871540054278	0.343794377343825	0.069407848838455	0.341616141659707	0.069407848838455
ED3073	Private	2	0.025974025974026	0.0237268518518519	0.0912845994572179	77	75	0.974025974025974	10.9547503735136	2.90871540054278	0.343794377343825	0.284538970740614	0.334864653256972	0.284538970740614
EG4725	Core	362	0.0240755520085129	0.0603371783496007	0.246495598167431	15036	14674	0.975924447991487	4.05686757668083	2.75350440183257	0.363173561420298	0.0976713263340291	0.354429957454206	0.0976713263340291
EG4725	Accessory	990	0.13353115727003	0.0603371783496007	0.246495598167431	7414	6424	0.86646884272997	4.05686757668083	2.75350440183257	0.363173561420298	0.541718222405452	0.314678575473967	0.541718222405452
EG4725	Private	8	0.0888888888888889	0.0603371783496007	0.246495598167431	90	82	0.911111111111111	4.05686757668083	2.75350440183257	0.363173561420298	0.360610451260518	0.330891467071827	0.360610451260518
JT11398	Accessory	194	0.0263981494080827	0.0114173579520114	0.0585666302303581	7349	7155	0.973601850591917	17.0745695298967	2.94143336976964	0.339970305048356	0.45073703752891	0.330995718141378	0.45073703752891
JT11398	Core	60	0.0039994667377683	0.0114173579520114	0.0585666302303581	15002	14942	0.996000533262232	17.0745695298967	2.94143336976964	0.339970305048356	0.068289172896534	0.338610605121486	0.068289172896534
JT11398	Private	2	0.028169014084507	0.0114173579520114	0.0585666302303581	71	69	0.971830985915493	17.0745695298967	2.94143336976964	0.339970305048356	0.480973789574555	0.330393676737135	0.480973789574555
JU1400	Accessory	930	0.12043512043512	0.0534040129676684	0.197552956592322	7722	6792	0.87956487956488	5.06193385940379	2.80244704340768	0.356831006798985	0.60963461399191	0.313856021520164	0.60963461399191
JU1400	Core	283	0.0188654089727351	0.0534040129676684	0.197552956592322	15001	14718	0.981134591027265	5.06193385940379	2.80244704340768	0.356831006798985	0.0954954524505881	0.350099243921569	0.0954954524505881
JU1400	Private	6	0.058252427184466	0.0534040129676684	0.197552956592322	103	97	0.941747572815534	5.06193385940379	2.80244704340768	0.356831006798985	0.294869933557502	0.336044734558267	0.294869933557502
JU1409	Core	75	0.00500166722240747	0.0147660558619463	0.0542042481334944	14995	14920	0.994998332777593	18.4487385109963	2.94579575186651	0.339466848428437	0.0922744507052167	0.337768948219558	0.0922744507052167
JU1409	Accessory	256	0.0344966985581458	0.0147660558619463	0.0542042481334944	7421	7165	0.965503301441854	18.4487385109963	2.94579575186651	0.339466848428437	0.636420571191896	0.327756362887717	0.636420571191896
JU1409	Private	1	0.0147058823529412	0.0147660558619463	0.0542042481334944	68	67	0.985294117647059	18.4487385109963	2.94579575186651	0.339466848428437	0.271304978102887	0.334474688892724	0.271304978102887
JU1581	Core	139	0.00926234423935497	0.0223232011293952	0.111443151298827	15007	14868	0.990737655760645	8.97318487807803	2.88855684870117	0.346193636607722	0.0831127272641332	0.342987071971987	0.0831127272641332
JU1581	Accessory	362	0.0478329809725159	0.0223232011293952	0.111443151298827	7568	7206	0.952167019027484	8.97318487807803	2.88855684870117	0.346193636607722	0.429214181535974	0.329634162975059	0.429214181535974
JU1581	Private	5	0.0543478260869565	0.0223232011293952	0.111443151298827	92	87	0.945652173913043	8.97318487807803	2.88855684870117	0.346193636607722	0.487673091199893	0.327378765052954	0.487673091199893
JU2001	Accessory	825	0.107407889597709	0.0467990009202051	0.209475336655403	7681	6856	0.892592110402291	4.77383168809533	2.7905246633446	0.358355549813147	0.512747186912986	0.31986533648209	0.512747186912986
JU2001	Core	232	0.0154532738293479	0.0467990009202051	0.209475336655403	15013	14781	0.984546726170652	4.77383168809533	2.7905246633446	0.358355549813147	0.0737713282913553	0.352817783373618	0.0737713282913553
JU2001	Private	11	0.0866141732283465	0.0467990009202051	0.209475336655403	127	116	0.913385826771654	4.77383168809533	2.7905246633446	0.358355549813147	0.413481484795659	0.327316880144292	0.413481484795659
JU2526	Core	563	0.037515825947891	0.0732326606975812	0.384729118448536	15007	14444	0.962484174052109	2.59923138657301	2.61527088155146	0.382369569077589	0.0975123122969683	0.368024658876304	0.0975123122969683
JU2526	Accessory	1054	0.144205773703653	0.0732326606975812	0.384729118448536	7309	6255	0.855794226296347	2.59923138657301	2.61527088155146	0.382369569077589	0.374824173135579	0.327229669528023	0.374824173135579
JU2526	Private	27	0.203007518796992	0.0732326606975812	0.384729118448536	133	106	0.796992481203007	2.59923138657301	2.61527088155146	0.382369569077589	0.527663514567452	0.304745671595673	0.527663514567452
JU258	Accessory	925	0.125135281385281	0.0564305044141786	0.243221253232008	7392	6467	0.874864718614719	4.11148280305136	2.75677874676799	0.362742204528523	0.514491557470577	0.317350356694529	0.514491557470577
JU258	Core	333	0.0221955608878224	0.0564305044141786	0.243221253232008	15003	14670	0.977804439112178	4.11148280305136	2.75677874676799	0.362742204528523	0.0912566668943613	0.354690937841327	0.0912566668943613
JU258	Private	14	0.0958904109589041	0.0564305044141786	0.243221253232008	146	132	0.904109589041096	4.11148280305136	2.75677874676799	0.362742204528523	0.394251775635062	0.327958705464144	0.394251775635062
JU2600	Accessory	535	0.0709172852598091	0.0318946856915669	0.252530811267926	7544	7009	0.929082714740191	3.95991283193969	2.74746918873207	0.363971324628936	0.280826267906645	0.338159466373835	0.280826267906645
JU2600	Core	171	0.01140076005067	0.0318946856915669	0.252530811267926	14999	14828	0.98859923994933	3.95991283193969	2.74746918873207	0.363971324628936	0.0451460160185137	0.359821774891517	0.0451460160185137
JU2600	Private	16	0.170212765957447	0.0318946856915669	0.252530811267926	94	78	0.829787234042553	3.95991283193969	2.74746918873207	0.363971324628936	0.674027716074841	0.302018758734649	0.674027716074841
JU2829	Core	166	0.0110534025835664	0.0312926969015823	0.16514581182449	15018	14852	0.988946597416434	6.0552549831706	2.83485418817551	0.352751829060948	0.0669311710751311	0.348852721082248	0.0669311710751311
JU2829	Accessory	536	0.0707590759075908	0.0312926969015823	0.16514581182449	7575	7039	0.929240924092409	6.0552549831706	2.83485418817551	0.352751829060948	0.428464246993986	0.327791435611883	0.428464246993986
JU2829	Private	8	0.0833333333333333	0.0312926969015823	0.16514581182449	96	88	0.916666666666667	6.0552549831706	2.83485418817551	0.352751829060948	0.504604581930883	0.323355843305869	0.504604581930883
JU2841	Core	172	0.0114521605965777	0.0325799046441815	0.196318568317858	15019	14847	0.988547839403422	5.09376167811547	2.80368143168214	0.356673903354285	0.0583345767784713	0.352589216532464	0.0583345767784713
JU2841	Accessory	557	0.0737552966101695	0.0325799046441815	0.196318568317858	7552	6995	0.926244703389831	5.09376167811547	2.80368143168214	0.356673903354285	0.375691903430921	0.330367313819283	0.375691903430921
JU2841	Private	9	0.111111111111111	0.0325799046441815	0.196318568317858	81	72	0.888888888888889	5.09376167811547	2.80368143168214	0.356673903354285	0.565973519790608	0.317043469648253	0.565973519790608
JU310	Private	3	0.0258620689655172	0.0168118733855786	0.0692117223456543	116	113	0.974137931034483	14.4484195178071	2.93078827765435	0.34120513161065	0.373666022012254	0.332380860965547	0.373666022012254
JU310	Core	103	0.00681397195025139	0.0168118733855786	0.0692117223456543	15116	15013	0.993186028049749	14.4484195178071	2.93078827765435	0.34120513161065	0.0984511253198026	0.338880169414573	0.0984511253198026
JU310	Accessory	278	0.0365356814298857	0.0168118733855786	0.0692117223456543	7609	7331	0.963464318570114	14.4484195178071	2.93078827765435	0.34120513161065	0.527882852667944	0.328738969619881	0.527882852667944
JU311	Accessory	399	0.0530655672296848	0.0217593206846225	0.125531460666116	7519	7120	0.946934432770315	7.96613051974092	2.87446853933388	0.347890396543263	0.422727234655756	0.329429395316935	0.422727234655756
JU311	Core	87	0.00579922676976403	0.0217593206846225	0.125531460666116	15002	14915	0.994200773230236	7.96613051974092	2.87446853933388	0.347890396543263	0.0461973973615158	0.345872901242686	0.0461973973615158
JU311	Private	6	0.0666666666666667	0.0217593206846225	0.125531460666116	90	84	0.933333333333333	7.96613051974092	2.87446853933388	0.347890396543263	0.531075367982728	0.324697703440379	0.531075367982728
JU3128	Core	69	0.00459969335377641	0.0131427559961058	0.0729854238621296	15001	14932	0.995400306646224	13.7013659314908	2.92701457613787	0.34164503591898	0.0630220818127369	0.340073573517912	0.0630220818127369
JU3128	Accessory	225	0.0299241920468147	0.0131427559961058	0.0729854238621296	7519	7294	0.970075807953185	13.7013659314908	2.92701457613787	0.34164503591898	0.410002305437616	0.331421584252299	0.410002305437616
JU3128	Private	3	0.0384615384615385	0.0131427559961058	0.0729854238621296	78	75	0.961538461538462	13.7013659314908	2.92701457613787	0.34164503591898	0.526975612749647	0.328504842229788	0.526975612749647
JU3166	Accessory	887	0.120352781546811	0.0525215689762519	0.394090308380825	7370	6483	0.879647218453189	2.53748945034614	2.60590969161917	0.383743152426227	0.305393913494847	0.337558596632189	0.305393913494847
JU3166	Core	263	0.0175391797265755	0.0525215689762519	0.394090308380825	14995	14732	0.982460820273425	2.53748945034614	2.60590969161917	0.383743152426227	0.0445054835239103	0.377012612306981	0.0445054835239103
JU3166	Private	31	0.256198347107438	0.0525215689762519	0.394090308380825	121	90	0.743801652892562	2.53748945034614	2.60590969161917	0.383743152426227	0.650100602981242	0.28542879106083	0.650100602981242
JU3226	Core	992	0.0662880053458069	0.114041994750656	0.445936874375549	14965	13973	0.933711994654193	2.24246985943989	2.55406312562445	0.39153300087503	0.148648854030362	0.365579059219966	0.148648854030362
JU3226	Accessory	1593	0.205045694426567	0.114041994750656	0.445936874375549	7769	6176	0.794954305573433	2.24246985943989	2.55406312562445	0.39153300087503	0.459808789559498	0.311250844819692	0.459808789559498
JU3226	Private	22	0.174603174603175	0.114041994750656	0.445936874375549	126	104	0.825396825396825	2.24246985943989	2.55406312562445	0.39153300087503	0.391542356410139	0.323170095960342	0.391542356410139
JU3282	Accessory	580	0.076668869795109	0.0323777552012015	0.180996797723037	7565	6985	0.923331130204891	5.52495962680074	2.81900320227696	0.354735318921341	0.42359241025042	0.327538162943234	0.42359241025042
JU3282	Core	146	0.00973333333333333	0.0323777552012015	0.180996797723037	15000	14854	0.990266666666667	5.52495962680074	2.81900320227696	0.354735318921341	0.0537762737008606	0.351282561817173	0.0537762737008606
JU3282	Private	7	0.0945945945945946	0.0323777552012015	0.180996797723037	74	67	0.905405405405405	5.52495962680074	2.81900320227696	0.354735318921341	0.522631316048719	0.321179275239592	0.522631316048719
JU346	Accessory	180	0.0243638332430969	0.0118613949355842	0.0488923864341585	7388	7208	0.975636166756903	20.4530822267524	2.95110761356584	0.338855823285852	0.498315484679946	0.330599996513863	0.498315484679946
JU346	Core	85	0.00566062866275972	0.0118613949355842	0.0488923864341585	15016	14931	0.99433937133724	20.4530822267524	2.95110761356584	0.338855823285852	0.115777303494536	0.336937686300017	0.115777303494536
JU346	Private	2	0.0188679245283019	0.0118613949355842	0.0488923864341585	106	104	0.981132075471698	20.4530822267524	2.95110761356584	0.338855823285852	0.385907211825518	0.332462317186119	0.385907211825518
JU394	Accessory	93	0.0123768964599414	0.00967998585572843	0.0550471009968928	7514	7421	0.987623103540059	18.166260927282	2.94495289900311	0.339564004686971	0.224841930561249	0.335361256159437	0.224841930561249
JU394	Core	123	0.00818744591626173	0.00967998585572843	0.0550471009968928	15023	14900	0.991812554083738	18.166260927282	2.94495289900311	0.339564004686971	0.14873527884282	0.336783842763487	0.14873527884282
JU394	Private	3	0.0344827586206897	0.00967998585572843	0.0550471009968928	87	84	0.96551724137931	18.166260927282	2.94495289900311	0.339564004686971	0.626422790595931	0.327854901077075	0.626422790595931
JU440	Accessory	120	0.0159957344708078	0.00762309976510216	0.0538111598914708	7502	7382	0.984004265529192	18.5835057638017	2.94618884010853	0.339421555871199	0.297256823734497	0.333992258789815	0.297256823734497
JU440	Core	50	0.00333266679997334	0.00762309976510216	0.0538111598914708	15003	14953	0.996667333200027	18.5835057638017	2.94618884010853	0.339421555871199	0.061932632686135	0.338290376920752	0.061932632686135
JU440	Private	2	0.0344827586206897	0.00762309976510216	0.0538111598914708	58	56	0.96551724137931	18.5835057638017	2.94618884010853	0.339421555871199	0.640810543579368	0.327717364289433	0.640810543579368
JU775	Accessory	761	0.101493731661776	0.0518377637224114	0.178047316400663	7498	6737	0.898506268338224	5.61648454026502	2.82195268359934	0.354364552535489	0.570037974812173	0.318398771730006	0.570037974812173
JU775	Core	406	0.0270486342438374	0.0518377637224114	0.178047316400663	15010	14604	0.972951365756163	5.61648454026502	2.82195268359934	0.354364552535489	0.151918236065796	0.344779475364975	0.151918236065796
JU775	Private	5	0.0495049504950495	0.0518377637224114	0.178047316400663	101	96	0.95049504950495	5.61648454026502	2.82195268359934	0.354364552535489	0.27804378912203	0.336821752905019	0.27804378912203
JU782	Accessory	950	0.12491781722551	0.060427995088581	0.219399141353674	7605	6655	0.87508218277449	4.55790297915519	2.78060085864633	0.359634500180234	0.569363291281713	0.314709743418732	0.569363291281713
JU782	Private	9	0.0666666666666667	0.060427995088581	0.219399141353674	135	126	0.933333333333333	4.55790297915519	2.78060085864633	0.359634500180234	0.303860198610346	0.335658866834885	0.303860198610346
JU782	Core	419	0.0278146574614976	0.060427995088581	0.219399141353674	15064	14645	0.972185342538502	4.55790297915519	2.78060085864633	0.359634500180234	0.126776510107941	0.349631389746384	0.126776510107941
LKC34	Accessory	393	0.0524279615795091	0.0229305002213369	0.0909157137350813	7496	7103	0.947572038420491	10.999198696431	2.90908428626492	0.343750782581806	0.576665566661871	0.325728629759681	0.576665566661871
LKC34	Core	123	0.00818472185254192	0.0229305002213369	0.0909157137350813	15028	14905	0.991815278147458	10.999198696431	2.90908428626492	0.343750782581806	0.0900253819311294	0.34093727803978	0.0900253819311294
LKC34	Private	2	0.0303030303030303	0.0229305002213369	0.0909157137350813	66	64	0.96969696969697	10.999198696431	2.90908428626492	0.343750782581806	0.333309051407	0.333334092200539	0.333309051407
MY1	Core	196	0.0130692805227712	0.0317446242518289	0.109671617617051	14997	14801	0.986930719477229	9.11812939143268	2.89032838238295	0.345981448369387	0.119167390859559	0.341459719764973	0.119167390859559
MY1	Accessory	518	0.0692050768203073	0.0317446242518289	0.109671617617051	7485	6967	0.930794923179693	9.11812939143268	2.89032838238295	0.345981448369387	0.6310208449916	0.322037775656582	0.6310208449916
MY1	Private	2	0.0273972602739726	0.0317446242518289	0.109671617617051	73	71	0.972602739726027	9.11812939143268	2.89032838238295	0.345981448369387	0.249811764148841	0.336502504578445	0.249811764148841
MY10	Accessory	776	0.104161073825503	0.0471484911596579	0.209753202885765	7450	6674	0.895838926174497	4.76750765300406	2.79024679711423	0.358391236586754	0.496588716608209	0.321060820534228	0.496588716608209
MY10	Core	280	0.0186356073211314	0.0471484911596579	0.209753202885765	15025	14745	0.981364392678869	4.76750765300406	2.79024679711423	0.358391236586754	0.0888454005218727	0.351712398234388	0.0888454005218727
MY10	Private	8	0.0869565217391304	0.0471484911596579	0.209753202885765	92	84	0.91304347826087	4.76750765300406	2.79024679711423	0.358391236586754	0.414565882869919	0.327226781231384	0.414565882869919
MY16	Accessory	767	0.102649892933619	0.0473220998628986	0.231103367730829	7472	6705	0.897350107066381	4.32706805538516	2.76889663226917	0.36115468824146	0.444173072601769	0.324082198160999	0.444173072601769
MY16	Core	291	0.0193625657063012	0.0473220998628986	0.231103367730829	15029	14738	0.980637434293699	4.32706805538516	2.76889663226917	0.36115468824146	0.0837831395380319	0.354161806860246	0.0837831395380319
MY16	Private	12	0.109090909090909	0.0473220998628986	0.231103367730829	110	98	0.890909090909091	4.32706805538516	2.76889663226917	0.36115468824146	0.472043787860199	0.321755994978755	0.472043787860199
MY2147	Accessory	260	0.0347547119369068	0.0162353461623535	0.0881156549123767	7481	7221	0.965245288063093	11.3487211891509	2.91188434508762	0.343420232911039	0.394421535781211	0.33148476164291	0.394421535781211
MY2147	Core	103	0.00684931506849315	0.0162353461623535	0.0881156549123767	15038	14935	0.993150684931507	11.3487211891509	2.91188434508762	0.343420232911039	0.0777309670489789	0.341068039534936	0.0777309670489789
MY2147	Private	4	0.0465116279069767	0.0162353461623535	0.0881156549123767	86	82	0.953488372093023	11.3487211891509	2.91188434508762	0.343420232911039	0.52784749716981	0.327447198822154	0.52784749716981
MY2212	Accessory	418	0.0557184750733138	0.0222182880410729	0.087495106315778	7502	7084	0.944281524926686	11.4292106394032	2.91250489368422	0.343347062581252	0.636818188119238	0.324216287833323	0.636818188119238
MY2212	Core	82	0.00546084176877997	0.0222182880410729	0.087495106315778	15016	14934	0.99453915823122	11.4292106394032	2.91250489368422	0.343347062581252	0.0624131108438372	0.341472098600721	0.0624131108438372
MY2212	Private	2	0.0263157894736842	0.0222182880410729	0.087495106315778	76	74	0.973684210526316	11.4292106394032	2.91250489368422	0.343347062581252	0.300768701036925	0.334311613565956	0.300768701036925
MY23	Core	371	0.0247152088468456	0.0592227020357804	0.305639646429914	15011	14640	0.975284791153154	3.2718268447196	2.69436035357009	0.371145603695875	0.080863883777961	0.361972662587943	0.080863883777961
MY23	Accessory	958	0.126285262325336	0.0592227020357804	0.305639646429914	7586	6628	0.873714737674664	3.2718268447196	2.69436035357009	0.371145603695875	0.413183511368492	0.324275383772246	0.413183511368492
MY23	Private	15	0.154639175257732	0.0592227020357804	0.305639646429914	97	82	0.845360824742268	3.2718268447196	2.69436035357009	0.371145603695875	0.505952604853547	0.313751953639812	0.505952604853547
MY2693	Core	142	0.00944651410324641	0.0295118179810029	0.125694109938238	15032	14890	0.990553485896754	7.95582227752254	2.87430589006176	0.347910082729056	0.0751547873475387	0.344623545225894	0.0751547873475387
MY2693	Accessory	523	0.0693725958349914	0.0295118179810029	0.125694109938238	7539	7016	0.930627404165009	7.95582227752254	2.87430589006176	0.347910082729056	0.551916043393592	0.323774657172975	0.551916043393592
MY2693	Private	3	0.046875	0.0295118179810029	0.125694109938238	64	61	0.953125	7.95582227752254	2.87430589006176	0.347910082729056	0.372929169258869	0.331601797601131	0.372929169258869
NIC1	Accessory	435	0.0588076247127214	0.0258190883190883	0.100084448247609	7397	6962	0.941192375287279	9.99156230072823	2.89991555175239	0.344837627908064	0.587580046075001	0.324558546099222	0.587580046075001
NIC1	Core	143	0.00953079178885631	0.0258190883190883	0.100084448247609	15004	14861	0.990469208211144	9.99156230072823	2.89991555175239	0.344837627908064	0.0952274999336268	0.34155105227551	0.0952274999336268
NIC1	Private	2	0.0317460317460317	0.0258190883190883	0.100084448247609	63	61	0.968253968253968	9.99156230072823	2.89991555175239	0.344837627908064	0.317192453991372	0.333890401625269	0.317192453991372
NIC1119	Accessory	652	0.0891928864569083	0.0399072546484149	0.154063310150861	7310	6658	0.910807113543092	6.49083807832496	2.84593668984914	0.35137816085888	0.578936583730216	0.320037728453957	0.578936583730216
NIC1119	Core	238	0.0158508158508159	0.0399072546484149	0.154063310150861	15015	14777	0.984149184149184	6.49083807832496	2.84593668984914	0.35137816085888	0.102885079096992	0.345808530337108	0.102885079096992
NIC1119	Private	5	0.0490196078431373	0.0399072546484149	0.154063310150861	102	97	0.950980392156863	6.49083807832496	2.84593668984914	0.35137816085888	0.318178337172792	0.334153741208935	0.318178337172792
NIC1775	Accessory	302	0.0397996837111228	0.0195646426368203	0.0492392901725999	7588	7286	0.960200316288877	20.308984887773	2.9507607098274	0.338895660590009	0.808291175027337	0.325407720487454	0.808291175027337
NIC1775	Core	142	0.0094396064614771	0.0195646426368203	0.0492392901725999	15043	14901	0.990560393538523	20.308984887773	2.9507607098274	0.338895660590009	0.191708824972662	0.335696618922537	0.191708824972662
NIC1775	Private	0	0	0.0195646426368203	0.0492392901725999	63	63	1	20.308984887773	2.9507607098274	0.338895660590009	0	0.338895660590009	0
NIC1790	Accessory	961	0.128665149283706	0.0575405621065697	0.205746489066739	7469	6508	0.871334850716294	4.86035025207951	2.79425351093326	0.357877335069003	0.625357690754908	0.311830994327095	0.625357690754908
NIC1790	Core	332	0.0221362848379784	0.0575405621065697	0.205746489066739	14998	14666	0.977863715162022	4.86035025207951	2.79425351093326	0.357877335069003	0.107590097592372	0.349955260442859	0.107590097592372
NIC1790	Private	5	0.0549450549450549	0.0575405621065697	0.205746489066739	91	86	0.945054945054945	4.86035025207951	2.79425351093326	0.357877335069003	0.26705221165272	0.338213745230047	0.26705221165272
NIC1792	Core	301	0.0200359448845104	0.0462088445582134	0.16513536922101	15023	14722	0.97996405511549	6.05563789706154	2.83486463077899	0.352750529652349	0.121330427146078	0.345682839482253	0.121330427146078
NIC1792	Accessory	740	0.098587796429523	0.0462088445582134	0.16513536922101	7506	6766	0.901412203570477	6.05563789706154	2.83486463077899	0.352750529652349	0.597011996246409	0.317973632244577	0.597011996246409
NIC1792	Private	6	0.0465116279069767	0.0462088445582134	0.16513536922101	129	123	0.953488372093023	6.05563789706154	2.83486463077899	0.352750529652349	0.281657576607514	0.33634352827317	0.281657576607514
NIC1810	Accessory	888	0.118939190999196	0.0527667109340416	0.200671584294261	7466	6578	0.881060809000804	4.98326658214658	2.79932841570574	0.357228538955794	0.592705695813844	0.314740065530567	0.592705695813844
NIC1810	Core	297	0.0197854906401972	0.0527667109340416	0.200671584294261	15011	14714	0.980214509359803	4.98326658214658	2.79932841570574	0.357228538955794	0.0985963743186686	0.350160597041873	0.0985963743186686
NIC1810	Private	7	0.0619469026548673	0.0527667109340416	0.200671584294261	113	106	0.938053097345133	4.98326658214658	2.79932841570574	0.357228538955794	0.308697929867487	0.335099337427559	0.308697929867487
NIC195	Core	409	0.0272194862238786	0.0666577907957218	0.294660759272628	15026	14617	0.972780513776121	3.39373319497481	2.70533924072737	0.36963940970713	0.0923756739481364	0.359578014886804	0.0923756739481364
NIC195	Accessory	1080	0.145945945945946	0.0666577907957218	0.294660759272628	7400	6320	0.854054054054054	3.39373319497481	2.70533924072737	0.36963940970713	0.495301601428756	0.315692036398522	0.495301601428756
NIC195	Private	13	0.121495327102804	0.0666577907957218	0.294660759272628	107	94	0.878504672897196	3.39373319497481	2.70533924072737	0.36963940970713	0.412322724623108	0.324729948714675	0.412322724623108
NIC199	Accessory	936	0.123076923076923	0.0573164289487586	0.24954101863275	7605	6669	0.876923076923077	4.00735720916369	2.75045898136725	0.363575682013226	0.493213194973992	0.318827905765444	0.493213194973992
NIC199	Core	355	0.0236603572380698	0.0573164289487586	0.24954101863275	15004	14649	0.97633964276193	4.00735720916369	2.75045898136725	0.363575682013226	0.0948155031493674	0.354973351493718	0.0948155031493674
NIC199	Private	11	0.102803738317757	0.0573164289487586	0.24954101863275	107	96	0.897196261682243	4.00735720916369	2.75045898136725	0.363575682013226	0.411971301876641	0.326198742740838	0.411971301876641
NIC2	Core	19	0.00126616020258563	0.00357837073687931	0.0223294342779079	15006	14987	0.998733839797414	44.7839379875992	2.97767056572209	0.335832986869552	0.056703639994961	0.335407768506863	0.056703639994961
NIC2	Accessory	61	0.00807626108830928	0.00357837073687931	0.0223294342779079	7553	7492	0.991923738911691	44.7839379875992	2.97767056572209	0.335832986869552	0.361686775750504	0.333120711985527	0.361686775750504
NIC2	Private	1	0.012987012987013	0.00357837073687931	0.0223294342779079	77	76	0.987012987012987	44.7839379875992	2.97767056572209	0.335832986869552	0.581609584254535	0.33147151950761	0.581609584254535
NIC259	Core	114	0.00759341903683474	0.0234689810919718	0.106763052232688	15013	14899	0.992406580963165	9.3665362603208	2.89323694776731	0.345633633903263	0.0711240347483229	0.343009092887811	0.0711240347483229
NIC259	Accessory	413	0.0550519861370301	0.0234689810919718	0.106763052232688	7502	7089	0.94494801386297	9.3665362603208	2.89323694776731	0.345633633903263	0.515646424355171	0.326605815881129	0.515646424355171
NIC259	Private	3	0.0441176470588235	0.0234689810919718	0.106763052232688	68	65	0.955882352941177	9.3665362603208	2.89323694776731	0.345633633903263	0.413229540896506	0.33038509123106	0.413229540896506
NIC526	Core	144	0.0095827510481134	0.0241775663892192	0.11564455249453	15027	14883	0.990417248951887	8.64718638646899	2.88435544750547	0.346697908146116	0.0828638344081676	0.34337558840345	0.0828638344081676
NIC526	Accessory	401	0.0527284681130835	0.0241775663892192	0.11564455249453	7605	7204	0.947271531886916	8.64718638646899	2.88435544750547	0.346697908146116	0.45595289164682	0.328417058551561	0.45595289164682
NIC526	Private	4	0.0533333333333333	0.0241775663892192	0.11564455249453	75	71	0.946666666666667	8.64718638646899	2.88435544750547	0.346697908146116	0.461183273945013	0.32820735304499	0.461183273945013
PX179	Accessory	189	0.0252978182304912	0.0113122171945701	0.0296916668424345	7471	7282	0.974702181769509	33.6794833818769	2.97030833315757	0.336665385487761	0.852017448691573	0.328148485761193	0.852017448691573
PX179	Core	66	0.00439384861194328	0.0113122171945701	0.0296916668424345	15021	14955	0.995606151388057	33.6794833818769	2.97030833315757	0.336665385487761	0.147982551308427	0.335186128751046	0.147982551308427
PX179	Private	0	0	0.0113122171945701	0.0296916668424345	50	50	1	33.6794833818769	2.97030833315757	0.336665385487761	0	0.336665385487761	0
QG4018	Accessory	237	0.0314240254574383	0.0172900494001411	0.0417319326197713	7542	7305	0.968575974542562	23.9624656042465	2.95826806738023	0.338035626665022	0.752997129170832	0.327413186527179	0.752997129170832
QG4018	Core	155	0.0103079071623329	0.0172900494001411	0.0417319326197713	15037	14882	0.989692092837667	23.9624656042465	2.95826806738023	0.338035626665022	0.247002870829168	0.334551186807798	0.247002870829168
QG4018	Private	0	0	0.0172900494001411	0.0417319326197713	93	93	1	23.9624656042465	2.95826806738023	0.338035626665022	0	0.338035626665022	0
QG4021	Core	170	0.0113220113220113	0.0287926661029772	0.187271035183183	15015	14845	0.988677988677989	5.33985407311831	2.81272896481682	0.355526612236215	0.0604578882737338	0.351501335907201	0.0604578882737338
QG4021	Accessory	468	0.0634490238611714	0.0287926661029772	0.187271035183183	7376	6908	0.936550976138829	5.33985407311831	2.81272896481682	0.355526612236215	0.338808528500457	0.332968795733158	0.338808528500457
QG4021	Private	9	0.1125	0.0287926661029772	0.187271035183183	80	71	0.8875	5.33985407311831	2.81272896481682	0.355526612236215	0.60073358322581	0.315529868359641	0.60073358322581
QX1791	Accessory	1107	0.143579766536965	0.0721496307302364	0.380696762008973	7710	6603	0.856420233463035	2.62676255695715	2.61930323799103	0.381780920015579	0.377149954675949	0.326964904651475	0.377149954675949
QX1791	Core	507	0.0338202921753052	0.0721496307302364	0.380696762008973	14991	14484	0.966179707824695	2.62676255695715	2.61930323799103	0.381780920015579	0.0888378771514426	0.368868977753696	0.0888378771514426
QX1791	Private	37	0.203296703296703	0.0721496307302364	0.380696762008973	182	145	0.796703296703297	2.62676255695715	2.61930323799103	0.381780920015579	0.534012168172608	0.30416611759483	0.534012168172608
QX1794	Accessory	910	0.119156736938588	0.0573511329703144	0.286017158990546	7637	6727	0.880843263061412	3.49629373122	2.71398284100945	0.368462167442464	0.416606952391018	0.3245574178847	0.416606952391018
QX1794	Core	381	0.0253509880896933	0.0573511329703144	0.286017158990546	15029	14648	0.974649011910307	3.49629373122	2.71398284100945	0.368462167442464	0.0886345007382275	0.359121287424128	0.0886345007382275
QX1794	Private	15	0.141509433962264	0.0573511329703144	0.286017158990546	106	91	0.858490566037736	3.49629373122	2.71398284100945	0.368462167442464	0.494758546870755	0.316321294691172	0.494758546870755
RC301	Core	141	0.00939248601119105	0.0304147056211704	0.17257454844097	15012	14871	0.990607513988809	5.79459722788761	2.82742545155903	0.353678644099566	0.0544256734034208	0.350356722382404	0.0544256734034208
RC301	Accessory	538	0.0722729715206878	0.0304147056211704	0.17257454844097	7444	6906	0.927727028479312	5.79459722788761	2.82742545155903	0.353678644099566	0.418792760424978	0.328117237527082	0.418792760424978
RC301	Private	6	0.0909090909090909	0.0304147056211704	0.17257454844097	66	60	0.909090909090909	5.79459722788761	2.82742545155903	0.353678644099566	0.526781566171601	0.321526040090514	0.526781566171601
TWN2530	Accessory	618	0.0822027134876297	0.033572186836518	0.136842562456552	7518	6900	0.91779728651237	7.30766789256451	2.86315743754345	0.34926476165348	0.600710130035231	0.320554250519953	0.600710130035231
TWN2530	Core	138	0.009185303514377	0.033572186836518	0.136842562456552	15024	14886	0.990814696485623	7.30766789256451	2.86315743754345	0.34926476165348	0.0671231475754728	0.346056658810816	0.0671231475754728
TWN2530	Private	3	0.0454545454545455	0.033572186836518	0.136842562456552	66	63	0.954545454545455	7.30766789256451	2.86315743754345	0.34926476165348	0.332166722389296	0.333389090669231	0.332166722389296
WN2001	Accessory	886	0.118734923612972	0.0503609868450193	0.18454706629532	7462	6576	0.881265076387028	5.4186718872017	2.81545293370468	0.355182637943857	0.643385592610654	0.313010054558939	0.643385592610654
WN2001	Core	247	0.0164294266329653	0.0503609868450193	0.18454706629532	15034	14787	0.983570573367035	5.4186718872017	2.81545293370468	0.355182637943857	0.0890256722188918	0.349347190852456	0.0890256722188918
WN2001	Private	4	0.0493827160493827	0.0503609868450193	0.18454706629532	81	77	0.950617283950617	5.4186718872017	2.81545293370468	0.355182637943857	0.267588735170454	0.337642754588605	0.267588735170454
WN2082	Accessory	124	0.0164915547280223	0.009166186954789	0.0220300573304513	7519	7395	0.983508445271978	45.392528262636	2.97796994266955	0.335799225395663	0.748593364086562	0.330261374092422	0.748593364086562
WN2082	Core	83	0.00553850260242893	0.009166186954789	0.0220300573304513	14986	14903	0.994461497397571	45.392528262636	2.97796994266955	0.335799225395663	0.251406635913438	0.333939400511915	0.251406635913438
WN2082	Private	0	0	0.009166186954789	0.0220300573304513	78	78	1	45.392528262636	2.97796994266955	0.335799225395663	0	0.335799225395663	0
WN2117	Accessory	402	0.0543831168831169	0.0272791896214679	0.139515786236116	7392	6990	0.945616883116883	7.16764766897133	2.86048421376388	0.34959116193974	0.389799020958668	0.330579304918666	0.389799020958668
WN2117	Core	206	0.0137040979244279	0.0272791896214679	0.139515786236116	15032	14826	0.986295902075572	7.16764766897133	2.86048421376388	0.34959116193974	0.0982261455433803	0.344800330423003	0.0982261455433803
WN2117	Private	6	0.0714285714285714	0.0272791896214679	0.139515786236116	84	78	0.928571428571429	7.16764766897133	2.86048421376388	0.34959116193974	0.511974833497952	0.32462036465833	0.511974833497952
XZ1513	Accessory	793	0.105102717031146	0.0534270184276813	0.182531974906213	7545	6752	0.894897282968854	5.47849219575809	2.81746802509379	0.354928606498281	0.575804415008106	0.317624645603233	0.575804415008106
XZ1513	Core	411	0.0274292578750667	0.0534270184276813	0.182531974906213	14984	14573	0.972570742124933	5.47849219575809	2.81746802509379	0.354928606498281	0.150270975203989	0.345193178223401	0.150270975203989
XZ1513	Private	5	0.05	0.0534270184276813	0.182531974906213	100	95	0.95	5.47849219575809	2.81746802509379	0.354928606498281	0.273924609787904	0.337182176173366	0.273924609787904
XZ1515	Accessory	787	0.102889266570794	0.0508474576271186	0.15349321176675	7649	6862	0.897110733429206	6.51494609103373	2.84650678823325	0.35130778684026	0.670318025054719	0.315161986311657	0.670318025054719
XZ1515	Core	368	0.0245169886742172	0.0508474576271186	0.15349321176675	15010	14642	0.975483011325783	6.51494609103373	2.84650678823325	0.35130778684026	0.15972685952701	0.342694777809133	0.15972685952701
XZ1515	Private	3	0.0260869565217391	0.0508474576271186	0.15349321176675	115	112	0.973913043478261	6.51494609103373	2.84650678823325	0.35130778684026	0.169955115418271	0.34214323587921	0.169955115418271
XZ1516	Core	1732	0.115412807356567	0.186456158663883	0.728709566608778	15007	13275	0.884587192643433	1.3722888319605	2.27129043339122	0.4402783480697	0.158379706600625	0.389464587900664	0.158379706600625
XZ1516	Accessory	2465	0.321088967044418	0.186456158663883	0.728709566608778	7677	5212	0.678911032955582	1.3722888319605	2.27129043339122	0.4402783480697	0.440626803540788	0.298909828075977	0.440626803540788
XZ1516	Private	90	0.292207792207792	0.186456158663883	0.728709566608778	308	218	0.707792207792208	1.3722888319605	2.27129043339122	0.4402783480697	0.400993489858587	0.311625584023359	0.400993489858587
