group	strain	isotype	isotype_ref_strain
0	AB1	AB1	AB1
1	AB4	CB4858	ECA251
1	ECA251	CB4858	ECA251
1	JU1960	CB4858	ECA251
2	BBA2	BBA2	BBA2
3	BRC20067	BRC20067	BRC20067
3	BRC20113	BRC20067	BRC20067
3	BRC20558	BRC20067	BRC20067
4	BRC20231	MY23	MY23
4	MY23	MY23	MY23
5	BRC20263	BRC20263	BRC20263
6	CB4852	CB4852	CB4852
7	CB4854	CB4854	CB4854
8	CB4856	CB4856	CB4856
9	CB4932	CB4932	CB4932
10	CX11254	CX11254	CX11254
11	CX11262	CX11262	CX11262
12	CX11264	CX11264	CX11264
13	CX11271	CX11271	CX11271
14	CX11276	CX11276	CX11276
15	CX11285	CX11285	CX11285
16	CX11292	CX11292	CX11292
17	CX11307	CX11307	CX11307
18	CX11314	CX11314	CX11314
19	CX11315	CX11315	CX11315
20	DL200	DL200	DL200
21	DL226	DL226	DL226
22	DL238	DL238	DL238
23	ECA1069	ECA1069	ECA1069
24	ECA1070	ECA1074	ECA1074
24	ECA1071	ECA1074	ECA1074
24	ECA1072	ECA1074	ECA1074
24	ECA1073	ECA1074	ECA1074
24	ECA1074	ECA1074	ECA1074
25	ECA1184	ECA1185	ECA1185
25	ECA1185	ECA1185	ECA1185
26	ECA1186	ECA1186	ECA1186
27	ECA1187	ECA1187	ECA1187
27	ECA1188	ECA1187	ECA1187
27	ECA1189	ECA1187	ECA1187
27	ECA1190	ECA1187	ECA1187
28	ECA1191	ECA1191	ECA1191
29	ECA1192	ECA1192	ECA1192
30	ECA1193	ECA1193	ECA1193
31	ECA1194	ECA1194	ECA1194
32	ECA1195	ECA1195	ECA1195
33	ECA1196	ECA1196	ECA1196
34	ECA1197	ECA1237	ECA1237
34	ECA1198	ECA1237	ECA1237
34	ECA1234	ECA1237	ECA1237
34	ECA1235	ECA1237	ECA1237
34	ECA1236	ECA1237	ECA1237
34	ECA1237	ECA1237	ECA1237
35	ECA1199	ECA1238	ECA1238
35	ECA1238	ECA1238	ECA1238
35	ECA1239	ECA1238	ECA1238
36	ECA1200	ECA1200	ECA1200
36	ECA3659	ECA1200	ECA1200
36	ECA3666	ECA1200	ECA1200
37	ECA1201	ECA1202	ECA1202
37	ECA1202	ECA1202	ECA1202
38	ECA1203	ECA1208	ECA1208
38	ECA1204	ECA1208	ECA1208
38	ECA1205	ECA1208	ECA1208
38	ECA1207	ECA1208	ECA1208
38	ECA1208	ECA1208	ECA1208
39	ECA1206	ECA1206	ECA1206
39	ECA1973	ECA1206	ECA1206
39	ECA1979	ECA1206	ECA1206
39	ECA1983	ECA1206	ECA1206
40	ECA1209	ECA1212	ECA1212
40	ECA1211	ECA1212	ECA1212
40	ECA1212	ECA1212	ECA1212
41	ECA1210	ECA744	ECA744
41	ECA1213	ECA744	ECA744
41	ECA1214	ECA744	ECA744
41	ECA744	ECA744	ECA744
42	ECA1215	ECA1216	ECA1216
42	ECA1216	ECA1216	ECA1216
42	ECA1217	ECA1216	ECA1216
42	ECA1218	ECA1216	ECA1216
43	ECA1220	ECA812	ECA812
43	ECA1221	ECA812	ECA812
43	ECA2866	ECA812	ECA812
43	ECA2868	ECA812	ECA812
43	ECA2873	ECA812	ECA812
43	ECA2916	ECA812	ECA812
43	ECA2918	ECA812	ECA812
43	ECA3021	ECA812	ECA812
43	ECA3024	ECA812	ECA812
43	ECA3043	ECA812	ECA812
43	ECA3045	ECA812	ECA812
43	ECA3046	ECA812	ECA812
43	ECA3052	ECA812	ECA812
43	ECA3060	ECA812	ECA812
43	ECA3080	ECA812	ECA812
43	ECA3230	ECA812	ECA812
43	ECA3240	ECA812	ECA812
43	ECA3510	ECA812	ECA812
43	ECA3543	ECA812	ECA812
43	ECA3548	ECA812	ECA812
43	ECA3560	ECA812	ECA812
43	ECA3610	ECA812	ECA812
43	ECA3611	ECA812	ECA812
43	ECA3630	ECA812	ECA812
43	ECA3631	ECA812	ECA812
43	ECA3632	ECA812	ECA812
43	ECA3643	ECA812	ECA812
43	ECA3667	ECA812	ECA812
43	ECA3670	ECA812	ECA812
43	ECA3674	ECA812	ECA812
43	ECA3677	ECA812	ECA812
43	ECA3682	ECA812	ECA812
43	ECA3684	ECA812	ECA812
43	ECA3685	ECA812	ECA812
43	ECA3686	ECA812	ECA812
43	ECA3689	ECA812	ECA812
43	ECA704	ECA812	ECA812
43	ECA719	ECA812	ECA812
43	ECA748	ECA812	ECA812
43	ECA750	ECA812	ECA812
43	ECA751	ECA812	ECA812
43	ECA755	ECA812	ECA812
43	ECA759	ECA812	ECA812
43	ECA761	ECA812	ECA812
43	ECA762	ECA812	ECA812
43	ECA771	ECA812	ECA812
43	ECA773	ECA812	ECA812
43	ECA774	ECA812	ECA812
43	ECA775	ECA812	ECA812
43	ECA776	ECA812	ECA812
43	ECA782	ECA812	ECA812
43	ECA783	ECA812	ECA812
43	ECA786	ECA812	ECA812
43	ECA787	ECA812	ECA812
43	ECA809	ECA812	ECA812
43	ECA812	ECA812	ECA812
43	ECA813	ECA812	ECA812
44	ECA1222	ECA1225	ECA1225
44	ECA1225	ECA1225	ECA1225
44	ECA1226	ECA1225	ECA1225
44	ECA1227	ECA1225	ECA1225
45	ECA1223	ECA1223	ECA1223
45	ECA1224	ECA1223	ECA1223
46	ECA1228	ECA1228	ECA1228
47	ECA1229	ECA1229	ECA1229
47	ECA1230	ECA1229	ECA1229
47	ECA1231	ECA1229	ECA1229
47	ECA1233	ECA1229	ECA1229
47	ECA1241	ECA1229	ECA1229
48	ECA1232	ECA1232	ECA1232
49	ECA1240	ECA1240	ECA1240
50	ECA1242	ECA1242	ECA1242
51	ECA1243	ECA1243	ECA1243
51	ECA2803	ECA1243	ECA1243
52	ECA1244	ECA760	ECA760
52	ECA1245	ECA760	ECA760
52	ECA1291	ECA760	ECA760
52	ECA1385	ECA760	ECA760
52	ECA2870	ECA760	ECA760
52	ECA3013	ECA760	ECA760
52	ECA3108	ECA760	ECA760
52	ECA3110	ECA760	ECA760
52	ECA3112	ECA760	ECA760
52	ECA3113	ECA760	ECA760
52	ECA3123	ECA760	ECA760
52	ECA3124	ECA760	ECA760
52	ECA739	ECA760	ECA760
52	ECA749	ECA760	ECA760
52	ECA752	ECA760	ECA760
52	ECA753	ECA760	ECA760
52	ECA754	ECA760	ECA760
52	ECA758	ECA760	ECA760
52	ECA760	ECA760	ECA760
52	ECA769	ECA760	ECA760
52	ECA779	ECA760	ECA760
52	ECA780	ECA760	ECA760
52	ECA784	ECA760	ECA760
52	ECA785	ECA760	ECA760
52	ECA808	ECA760	ECA760
53	ECA1246	ECA1247	ECA1247
53	ECA1247	ECA1247	ECA1247
53	ECA1272	ECA1247	ECA1247
53	ECA1274	ECA1247	ECA1247
54	ECA1249	ECA1255	ECA1255
54	ECA1255	ECA1255	ECA1255
54	ECA1256	ECA1255	ECA1255
55	ECA1250	ECA1251	ECA1251
55	ECA1251	ECA1251	ECA1251
56	ECA1252	ECA1252	ECA1252
57	ECA1253	ECA1253	ECA1253
58	ECA1254	ECA1257	ECA1257
58	ECA1257	ECA1257	ECA1257
58	ECA1258	ECA1257	ECA1257
59	ECA1259	ECA1260	ECA1260
59	ECA1260	ECA1260	ECA1260
60	ECA1261	ECA1261	ECA1261
61	ECA1262	ECA1281	ECA1281
61	ECA1263	ECA1281	ECA1281
61	ECA1264	ECA1281	ECA1281
61	ECA1273	ECA1281	ECA1281
61	ECA1275	ECA1281	ECA1281
61	ECA1279	ECA1281	ECA1281
61	ECA1281	ECA1281	ECA1281
61	ECA1282	ECA1281	ECA1281
61	ECA1779	ECA1281	ECA1281
61	ECA1781	ECA1281	ECA1281
61	ECA1783	ECA1281	ECA1281
61	ECA1975	ECA1281	ECA1281
61	ECA1987	ECA1281	ECA1281
61	ECA1989	ECA1281	ECA1281
61	ECA1991	ECA1281	ECA1281
61	ECA1993	ECA1281	ECA1281
61	ECA2429	ECA1281	ECA1281
61	ECA2431	ECA1281	ECA1281
61	ECA2433	ECA1281	ECA1281
61	ECA2435	ECA1281	ECA1281
61	ECA2439	ECA1281	ECA1281
62	ECA1265	ECA1288	ECA1288
62	ECA1266	ECA1288	ECA1288
62	ECA1288	ECA1288	ECA1288
62	ECA2901	ECA1288	ECA1288
62	ECA2902	ECA1288	ECA1288
62	ECA2903	ECA1288	ECA1288
62	ECA2904	ECA1288	ECA1288
62	ECA2905	ECA1288	ECA1288
62	ECA2906	ECA1288	ECA1288
62	ECA2908	ECA1288	ECA1288
62	ECA2917	ECA1288	ECA1288
62	ECA3533	ECA1288	ECA1288
63	ECA1267	ECA1269	ECA1269
63	ECA1268	ECA1269	ECA1269
63	ECA1269	ECA1269	ECA1269
64	ECA1270	ECA1271	ECA1271
64	ECA1271	ECA1271	ECA1271
65	ECA1276	ECA1276	ECA1276
65	ECA1277	ECA1276	ECA1276
65	ECA3041	ECA1276	ECA1276
65	ECA3604	ECA1276	ECA1276
66	ECA1278	ECA1278	ECA1278
66	ECA3603	ECA1278	ECA1278
67	ECA1283	ECA1283	ECA1283
68	ECA1284	ECA1284	ECA1284
68	ECA1285	ECA1284	ECA1284
69	ECA1286	ECA1286	ECA1286
69	ECA1290	ECA1286	ECA1286
69	ECA3536	ECA1286	ECA1286
69	ECA3570	ECA1286	ECA1286
70	ECA1287	ECA1287	ECA1287
71	ECA1289	ECA1289	ECA1289
71	ECA3037	ECA1289	ECA1289
71	ECA3062	ECA1289	ECA1289
71	ECA3063	ECA1289	ECA1289
71	ECA3068	ECA1289	ECA1289
71	ECA3069	ECA1289	ECA1289
72	ECA1292	ECA1298	ECA1298
72	ECA1295	ECA1298	ECA1298
72	ECA1296	ECA1298	ECA1298
72	ECA1297	ECA1298	ECA1298
72	ECA1298	ECA1298	ECA1298
72	ECA3039	ECA1298	ECA1298
72	ECA3070	ECA1298	ECA1298
72	ECA3073	ECA1298	ECA1298
72	ECA3074	ECA1298	ECA1298
72	ECA3076	ECA1298	ECA1298
72	ECA3078	ECA1298	ECA1298
72	ECA3079	ECA1298	ECA1298
72	ECA3081	ECA1298	ECA1298
72	ECA3082	ECA1298	ECA1298
72	ECA3114	ECA1298	ECA1298
72	ECA3115	ECA1298	ECA1298
72	ECA3120	ECA1298	ECA1298
72	ECA3125	ECA1298	ECA1298
72	ECA3126	ECA1298	ECA1298
72	ECA3127	ECA1298	ECA1298
72	ECA3208	ECA1298	ECA1298
72	ECA3527	ECA1298	ECA1298
72	ECA3528	ECA1298	ECA1298
72	ECA3529	ECA1298	ECA1298
72	ECA3549	ECA1298	ECA1298
72	ECA3637	ECA1298	ECA1298
72	ECA3638	ECA1298	ECA1298
72	ECA3640	ECA1298	ECA1298
72	ECA3641	ECA1298	ECA1298
72	ECA3680	ECA1298	ECA1298
73	ECA1293	ECA1293	ECA1293
73	ECA1294	ECA1293	ECA1293
74	ECA1316	ECA1316	ECA1316
75	ECA1389	ECA1413	ECA1413
75	ECA1391	ECA1413	ECA1413
75	ECA1413	ECA1413	ECA1413
75	ECA1415	ECA1413	ECA1413
75	ECA1421	ECA1413	ECA1413
76	ECA1409	ECA1409	ECA1409
77	ECA1441	ECA724	ECA724
77	ECA3525	ECA724	ECA724
77	ECA724	ECA724	ECA724
77	ECA725	ECA724	ECA724
77	ECA726	ECA724	ECA724
77	ECA727	ECA724	ECA724
78	ECA1465	ECA1493	ECA1493
78	ECA1467	ECA1493	ECA1493
78	ECA1493	ECA1493	ECA1493
78	ECA1515	ECA1493	ECA1493
79	ECA1689	ECA2111	ECA2111
79	ECA1691	ECA2111	ECA2111
79	ECA1695	ECA2111	ECA2111
79	ECA2107	ECA2111	ECA2111
79	ECA2111	ECA2111	ECA2111
80	ECA1693	ECA1693	ECA1693
81	ECA1709	ECA1713	ECA1713
81	ECA1711	ECA1713	ECA1713
81	ECA1713	ECA1713	ECA1713
82	ECA1715	ECA2151	ECA2151
82	ECA1718	ECA2151	ECA2151
82	ECA1721	ECA2151	ECA2151
82	ECA2099	ECA2151	ECA2151
82	ECA2117	ECA2151	ECA2151
82	ECA2122	ECA2151	ECA2151
82	ECA2127	ECA2151	ECA2151
82	ECA2131	ECA2151	ECA2151
82	ECA2143	ECA2151	ECA2151
82	ECA2147	ECA2151	ECA2151
82	ECA2151	ECA2151	ECA2151
82	ECA2167	ECA2151	ECA2151
82	ECA2171	ECA2151	ECA2151
82	ECA2175	ECA2151	ECA2151
82	ECA2964	ECA2151	ECA2151
83	ECA1717	ECA1717	ECA1717
84	ECA1723	ECA1851	ECA1851
84	ECA1851	ECA1851	ECA1851
84	ECA2962	ECA1851	ECA1851
85	ECA1725	ECA1725	ECA1725
86	ECA1727	ECA2159	ECA2159
86	ECA1729	ECA2159	ECA2159
86	ECA2159	ECA2159	ECA2159
86	ECA2163	ECA2159	ECA2159
87	ECA1731	ECA1769	ECA1769
87	ECA1769	ECA1769	ECA1769
87	ECA1771	ECA1769	ECA1769
87	ECA1795	ECA1769	ECA1769
87	ECA1797	ECA1769	ECA1769
88	ECA1733	ECA1751	ECA1751
88	ECA1735	ECA1751	ECA1751
88	ECA1737	ECA1751	ECA1751
88	ECA1741	ECA1751	ECA1751
88	ECA1745	ECA1751	ECA1751
88	ECA1747	ECA1751	ECA1751
88	ECA1749	ECA1751	ECA1751
88	ECA1751	ECA1751	ECA1751
88	ECA1753	ECA1751	ECA1751
89	ECA1739	ECA2091	ECA2091
89	ECA2091	ECA2091	ECA2091
89	ECA2101	ECA2091	ECA2091
89	ECA2103	ECA2091	ECA2091
89	ECA2309	ECA2091	ECA2091
89	ECA2311	ECA2091	ECA2091
89	ECA2313	ECA2091	ECA2091
89	ECA2315	ECA2091	ECA2091
90	ECA1743	ECA1761	ECA1761
90	ECA1761	ECA1761	ECA1761
90	ECA1763	ECA1761	ECA1761
90	ECA1765	ECA1761	ECA1761
90	ECA1767	ECA1761	ECA1761
91	ECA1755	ECA1757	ECA1757
91	ECA1757	ECA1757	ECA1757
91	ECA2321	ECA1757	ECA1757
91	ECA2322	ECA1757	ECA1757
92	ECA1759	ECA1853	ECA1853
92	ECA1853	ECA1853	ECA1853
92	ECA1855	ECA1853	ECA1853
92	ECA1857	ECA1853	ECA1853
92	ECA1859	ECA1853	ECA1853
92	ECA2324	ECA1853	ECA1853
93	ECA1785	ECA2377	ECA2377
93	ECA2375	ECA2377	ECA2377
93	ECA2377	ECA2377	ECA2377
94	ECA1787	ECA2081	ECA2081
94	ECA1789	ECA2081	ECA2081
94	ECA2079	ECA2081	ECA2081
94	ECA2081	ECA2081	ECA2081
94	ECA2085	ECA2081	ECA2081
95	ECA1791	ECA2443	ECA2443
95	ECA1913	ECA2443	ECA2443
95	ECA1915	ECA2443	ECA2443
95	ECA1917	ECA2443	ECA2443
95	ECA2443	ECA2443	ECA2443
95	ECA2445	ECA2443	ECA2443
96	ECA1793	ECA1793	ECA1793
96	ECA2121	ECA1793	ECA1793
97	ECA1799	ECA1805	ECA1805
97	ECA1801	ECA1805	ECA1805
97	ECA1803	ECA1805	ECA1805
97	ECA1805	ECA1805	ECA1805
98	ECA1807	ECA1807	ECA1807
99	ECA1809	ECA1815	ECA1815
99	ECA1811	ECA1815	ECA1815
99	ECA1813	ECA1815	ECA1815
99	ECA1815	ECA1815	ECA1815
99	ECA1817	ECA1815	ECA1815
99	ECA1819	ECA1815	ECA1815
100	ECA1821	ECA1821	ECA1821
100	ECA1823	ECA1821	ECA1821
101	ECA1825	ECA1825	ECA1825
101	ECA1831	ECA1825	ECA1825
101	ECA2931	ECA1825	ECA1825
101	ECA2965	ECA1825	ECA1825
101	ECA2980	ECA1825	ECA1825
101	ECA2983	ECA1825	ECA1825
101	ECA2985	ECA1825	ECA1825
101	ECA2989	ECA1825	ECA1825
101	ECA2990	ECA1825	ECA1825
101	ECA2997	ECA1825	ECA1825
101	ECA2998	ECA1825	ECA1825
101	ECA2999	ECA1825	ECA1825
101	ECA3000	ECA1825	ECA1825
101	ECA3001	ECA1825	ECA1825
102	ECA1827	ECA2336	ECA2336
102	ECA1829	ECA2336	ECA2336
102	ECA1833	ECA2336	ECA2336
102	ECA1877	ECA2336	ECA2336
102	ECA1907	ECA2336	ECA2336
102	ECA2289	ECA2336	ECA2336
102	ECA2293	ECA2336	ECA2336
102	ECA2319	ECA2336	ECA2336
102	ECA2336	ECA2336	ECA2336
102	ECA2338	ECA2336	ECA2336
102	ECA2934	ECA2336	ECA2336
102	ECA2935	ECA2336	ECA2336
102	ECA2938	ECA2336	ECA2336
102	ECA2940	ECA2336	ECA2336
102	ECA2984	ECA2336	ECA2336
103	ECA1835	ECA1843	ECA1843
103	ECA1837	ECA1843	ECA1843
103	ECA1839	ECA1843	ECA1843
103	ECA1841	ECA1843	ECA1843
103	ECA1843	ECA1843	ECA1843
104	ECA1845	ECA1885	ECA1885
104	ECA1847	ECA1885	ECA1885
104	ECA1849	ECA1885	ECA1885
104	ECA1885	ECA1885	ECA1885
105	ECA1861	ECA1919	ECA1919
105	ECA1863	ECA1919	ECA1919
105	ECA1865	ECA1919	ECA1919
105	ECA1867	ECA1919	ECA1919
105	ECA1869	ECA1919	ECA1919
105	ECA1871	ECA1919	ECA1919
105	ECA1919	ECA1919	ECA1919
105	ECA1921	ECA1919	ECA1919
105	ECA1923	ECA1919	ECA1919
105	ECA1927	ECA1919	ECA1919
105	ECA1929	ECA1919	ECA1919
105	ECA1935	ECA1919	ECA1919
106	ECA1873	ECA1901	ECA1901
106	ECA1901	ECA1901	ECA1901
107	ECA1875	ECA1875	ECA1875
107	ECA1931	ECA1875	ECA1875
107	ECA1933	ECA1875	ECA1875
108	ECA1878	ECA741	ECA741
108	ECA2295	ECA741	ECA741
108	ECA2307	ECA741	ECA741
108	ECA741	ECA741	ECA741
109	ECA1887	ECA1887	ECA1887
109	ECA1897	ECA1887	ECA1887
110	ECA1889	ECA1889	ECA1889
110	ECA1903	ECA1889	ECA1889
111	ECA189	ECA189	ECA189
111	ECA190	ECA189	ECA189
111	ECA192	ECA189	ECA189
111	ECA193	ECA189	ECA189
111	ECA393	ECA189	ECA189
111	ECA394	ECA189	ECA189
111	ECA395	ECA189	ECA189
112	ECA1891	ECA1891	ECA1891
113	ECA1895	ECA2482	ECA2482
113	ECA2253	ECA2482	ECA2482
113	ECA2482	ECA2482	ECA2482
114	ECA1909	ECA2473	ECA2473
114	ECA1911	ECA2473	ECA2473
114	ECA2249	ECA2473	ECA2473
114	ECA2255	ECA2473	ECA2473
114	ECA2401	ECA2473	ECA2473
114	ECA2403	ECA2473	ECA2473
114	ECA2405	ECA2473	ECA2473
114	ECA2473	ECA2473	ECA2473
115	ECA191	ECA191	ECA191
116	ECA1925	ECA1925	ECA1925
117	ECA1937	ECA1937	ECA1937
118	ECA1939	ECA1939	ECA1939
118	ECA1951	ECA1939	ECA1939
118	ECA1953	ECA1939	ECA1939
119	ECA1943	ECA1943	ECA1943
120	ECA1967	ECA1977	ECA1977
120	ECA1971	ECA1977	ECA1977
120	ECA1977	ECA1977	ECA1977
120	ECA1981	ECA1977	ECA1977
120	ECA1985	ECA1977	ECA1977
121	ECA1969	ECA1969	ECA1969
122	ECA1995	ECA1997	ECA1997
122	ECA1997	ECA1997	ECA1997
123	ECA2041	ECA2041	ECA2041
124	ECA2043	ECA2043	ECA2043
125	ECA2065	ECA2073	ECA2073
125	ECA2067	ECA2073	ECA2073
125	ECA2069	ECA2073	ECA2073
125	ECA2071	ECA2073	ECA2073
125	ECA2073	ECA2073	ECA2073
125	ECA2075	ECA2073	ECA2073
126	ECA2095	ECA2195	ECA2195
126	ECA2097	ECA2195	ECA2195
126	ECA2195	ECA2195	ECA2195
126	ECA2203	ECA2195	ECA2195
126	ECA2207	ECA2195	ECA2195
127	ECA2109	ECA2109	ECA2109
127	ECA2930	ECA2109	ECA2109
127	ECA2981	ECA2109	ECA2109
127	ECA3003	ECA2109	ECA2109
128	ECA2125	ECA2281	ECA2281
128	ECA2281	ECA2281	ECA2281
128	ECA2283	ECA2281	ECA2281
128	ECA2285	ECA2281	ECA2281
128	ECA2287	ECA2281	ECA2281
129	ECA2135	ECA2187	ECA2187
129	ECA2139	ECA2187	ECA2187
129	ECA2179	ECA2187	ECA2187
129	ECA2187	ECA2187	ECA2187
130	ECA2155	ECA2155	ECA2155
131	ECA2183	ECA2183	ECA2183
132	ECA2191	ECA2191	ECA2191
133	ECA2199	ECA2199	ECA2199
134	ECA2247	ECA2489	ECA2489
134	ECA2489	ECA2489	ECA2489
135	ECA2251	ECA2251	ECA2251
136	ECA2291	ECA2291	ECA2291
137	ECA2326	ECA2332	ECA2332
137	ECA2328	ECA2332	ECA2332
137	ECA2330	ECA2332	ECA2332
137	ECA2332	ECA2332	ECA2332
138	ECA2334	ECA2334	ECA2334
138	ECA2340	ECA2334	ECA2334
139	ECA2342	ECA2344	ECA2344
139	ECA2344	ECA2344	ECA2344
140	ECA2348	ECA2350	ECA2350
140	ECA2350	ECA2350	ECA2350
140	ECA2352	ECA2350	ECA2350
141	ECA2354	ECA2360	ECA2360
141	ECA2356	ECA2360	ECA2360
141	ECA2358	ECA2360	ECA2360
141	ECA2360	ECA2360	ECA2360
141	ECA2362	ECA2360	ECA2360
141	ECA2986	ECA2360	ECA2360
141	ECA3004	ECA2360	ECA2360
142	ECA2365	ECA363	ECA363
142	ECA363	ECA363	ECA363
143	ECA2367	ECA2367	ECA2367
144	ECA2413	ECA2417	ECA2417
144	ECA2415	ECA2417	ECA2417
144	ECA2417	ECA2417	ECA2417
144	ECA2419	ECA2417	ECA2417
144	ECA2421	ECA2417	ECA2417
144	ECA2423	ECA2417	ECA2417
145	ECA243	CB4851	ECA243
146	ECA2437	ECA2437	ECA2437
147	ECA245	CB4853	ECA246
147	ECA246	CB4853	ECA246
148	ECA2452	ECA2452	ECA2452
149	ECA2467	ECA2467	ECA2467
150	ECA2475	ECA2475	ECA2475
150	ECA2477	ECA2475	ECA2475
150	ECA2479	ECA2475	ECA2475
150	ECA2485	ECA2475	ECA2475
150	ECA2487	ECA2475	ECA2475
150	ECA3646	ECA2475	ECA2475
151	ECA248	CB4855	ECA248
152	ECA2481	ECA2481	ECA2481
153	ECA249	CB4857	ECA250
153	ECA250	CB4857	ECA250
154	ECA2521	ECA2533	ECA2533
154	ECA2525	ECA2533	ECA2533
154	ECA2532	ECA2533	ECA2533
154	ECA2533	ECA2533	ECA2533
154	ECA2534	ECA2533	ECA2533
154	ECA2537	ECA2533	ECA2533
155	ECA2522	ECA2522	ECA2522
156	ECA2523	ECA2523	ECA2523
156	ECA2524	ECA2523	ECA2523
157	ECA2526	ECA2536	ECA2536
157	ECA2535	ECA2536	ECA2536
157	ECA2536	ECA2536	ECA2536
158	ECA2527	ECA2527	ECA2527
158	ECA2528	ECA2527	ECA2527
159	ECA2529	ECA2529	ECA2529
160	ECA253	N2	N2
160	N2	N2	N2
161	ECA2546	ECA2546	ECA2546
161	ECA2547	ECA2546	ECA2546
161	ECA2582	ECA2546	ECA2546
162	ECA2548	ECA2672	ECA2672
162	ECA2552	ECA2672	ECA2672
162	ECA2585	ECA2672	ECA2672
162	ECA2608	ECA2672	ECA2672
162	ECA2657	ECA2672	ECA2672
162	ECA2672	ECA2672	ECA2672
163	ECA2549	ECA2549	ECA2549
164	ECA2550	ECA2551	ECA2551
164	ECA2551	ECA2551	ECA2551
164	ECA2553	ECA2551	ECA2551
164	ECA2643	ECA2551	ECA2551
164	ECA2649	ECA2551	ECA2551
164	ECA2673	ECA2551	ECA2551
164	ECA2674	ECA2551	ECA2551
165	ECA2554	ECA2554	ECA2554
166	ECA2555	ECA2555	ECA2555
167	ECA2556	ECA2559	ECA2559
167	ECA2557	ECA2559	ECA2559
167	ECA2559	ECA2559	ECA2559
168	ECA2558	ECA2609	ECA2609
168	ECA2609	ECA2609	ECA2609
168	ECA2610	ECA2609	ECA2609
168	ECA2675	ECA2609	ECA2609
169	ECA2560	ECA2560	ECA2560
170	ECA2561	ECA2561	ECA2561
170	ECA2570	ECA2561	ECA2561
170	ECA2579	ECA2561	ECA2561
170	ECA2580	ECA2561	ECA2561
170	ECA2651	ECA2561	ECA2561
171	ECA2562	ECA2565	ECA2565
171	ECA2563	ECA2565	ECA2565
171	ECA2564	ECA2565	ECA2565
171	ECA2565	ECA2565	ECA2565
171	ECA2566	ECA2565	ECA2565
171	ECA2567	ECA2565	ECA2565
172	ECA2568	ECA2568	ECA2568
173	ECA2569	ECA2603	ECA2603
173	ECA2574	ECA2603	ECA2603
173	ECA2575	ECA2603	ECA2603
173	ECA2577	ECA2603	ECA2603
173	ECA2578	ECA2603	ECA2603
173	ECA2598	ECA2603	ECA2603
173	ECA2603	ECA2603	ECA2603
173	ECA2650	ECA2603	ECA2603
174	ECA2571	ECA2581	ECA2581
174	ECA2572	ECA2581	ECA2581
174	ECA2573	ECA2581	ECA2581
174	ECA2581	ECA2581	ECA2581
175	ECA2576	ECA2676	ECA2676
175	ECA2676	ECA2676	ECA2676
176	ECA2583	ECA2583	ECA2583
177	ECA2584	ECA2584	ECA2584
177	ECA2586	ECA2584	ECA2584
177	ECA2596	ECA2584	ECA2584
177	ECA2597	ECA2584	ECA2584
178	ECA2589	ECA2594	ECA2594
178	ECA2591	ECA2594	ECA2594
178	ECA2592	ECA2594	ECA2594
178	ECA2594	ECA2594	ECA2594
178	ECA2606	ECA2594	ECA2594
178	ECA2652	ECA2594	ECA2594
179	ECA259	PB306	ECA259
180	ECA2590	ECA2595	ECA2595
180	ECA2593	ECA2595	ECA2595
180	ECA2595	ECA2595	ECA2595
180	ECA2605	ECA2595	ECA2595
180	ECA2653	ECA2595	ECA2595
181	ECA2599	ECA2601	ECA2601
181	ECA2600	ECA2601	ECA2601
181	ECA2601	ECA2601	ECA2601
182	ECA2602	ECA2602	ECA2602
182	ECA2654	ECA2602	ECA2602
183	ECA2607	ECA2607	ECA2607
184	ECA2611	ECA2660	ECA2660
184	ECA2660	ECA2660	ECA2660
185	ECA2612	ECA2612	ECA2612
185	ECA2658	ECA2612	ECA2612
186	ECA2615	ECA2615	ECA2615
187	ECA2641	ECA2641	ECA2641
187	ECA2642	ECA2641	ECA2641
187	ECA2644	ECA2641	ECA2641
188	ECA2648	ECA2648	ECA2648
189	ECA2656	ECA2656	ECA2656
190	ECA2659	ECA2659	ECA2659
191	ECA2861	ECA2861	ECA2861
191	ECA2874	ECA2861	ECA2861
191	ECA2913	ECA2861	ECA2861
191	ECA2914	ECA2861	ECA2861
191	ECA2919	ECA2861	ECA2861
191	ECA3042	ECA2861	ECA2861
192	ECA2862	ECA2862	ECA2862
193	ECA2871	ECA2872	ECA2872
193	ECA2872	ECA2872	ECA2872
194	ECA2881	ECA2882	ECA2882
194	ECA2882	ECA2882	ECA2882
195	ECA2884	ECA2885	ECA2885
195	ECA2885	ECA2885	ECA2885
195	ECA2886	ECA2885	ECA2885
195	ECA2887	ECA2885	ECA2885
195	ECA2896	ECA2885	ECA2885
195	ECA3050	ECA2885	ECA2885
195	ECA3051	ECA2885	ECA2885
195	ECA3067	ECA2885	ECA2885
195	ECA3550	ECA2885	ECA2885
195	ECA3551	ECA2885	ECA2885
196	ECA2888	ECA2888	ECA2888
197	ECA2895	ECA733	ECA733
197	ECA3532	ECA733	ECA733
197	ECA3607	ECA733	ECA733
197	ECA3608	ECA733	ECA733
197	ECA3609	ECA733	ECA733
197	ECA731	ECA733	ECA733
197	ECA733	ECA733	ECA733
198	ECA2897	ECA2897	ECA2897
198	ECA2915	ECA2897	ECA2897
199	ECA2928	ECA2945	ECA2945
199	ECA2945	ECA2945	ECA2945
200	ECA2929	ECA2929	ECA2929
201	ECA2932	ECA2988	ECA2988
201	ECA2933	ECA2988	ECA2988
201	ECA2987	ECA2988	ECA2988
201	ECA2988	ECA2988	ECA2988
201	ECA2991	ECA2988	ECA2988
201	ECA3002	ECA2988	ECA2988
202	ECA2941	ECA2941	ECA2941
203	ECA2942	ECA2942	ECA2942
204	ECA2943	ECA2947	ECA2947
204	ECA2947	ECA2947	ECA2947
205	ECA2944	ECA2944	ECA2944
206	ECA2946	ECA2946	ECA2946
207	ECA2948	ECA2948	ECA2948
207	ECA2969	ECA2948	ECA2948
208	ECA2949	ECA2949	ECA2949
209	ECA2950	ECA2950	ECA2950
210	ECA2951	ECA2951	ECA2951
211	ECA2952	ECA2952	ECA2952
212	ECA2956	ECA2956	ECA2956
212	ECA2957	ECA2956	ECA2956
212	ECA2958	ECA2956	ECA2956
212	ECA2966	ECA2956	ECA2956
213	ECA2960	ECA2960	ECA2960
214	ECA2963	ECA2963	ECA2963
215	ECA2967	ECA2970	ECA2970
215	ECA2970	ECA2970	ECA2970
215	ECA2971	ECA2970	ECA2970
215	ECA2972	ECA2970	ECA2970
215	ECA2973	ECA2970	ECA2970
215	ECA2978	ECA2970	ECA2970
215	ECA2979	ECA2970	ECA2970
216	ECA2968	ECA2968	ECA2968
216	ECA2996	ECA2968	ECA2968
217	ECA2974	ECA2974	ECA2974
218	ECA2982	ECA2982	ECA2982
219	ECA2992	ECA3005	ECA3005
219	ECA2995	ECA3005	ECA3005
219	ECA3005	ECA3005	ECA3005
220	ECA2993	ECA2993	ECA2993
220	ECA2994	ECA2993	ECA2993
220	ECA3008	ECA2993	ECA2993
221	ECA3006	ECA3006	ECA3006
222	ECA3009	ECA3075	ECA3075
222	ECA3075	ECA3075	ECA3075
223	ECA3011	ECA3011	ECA3011
224	ECA3012	ECA3012	ECA3012
225	ECA3025	ECA3025	ECA3025
226	ECA3027	ECA3027	ECA3027
227	ECA3032	ECA3034	ECA3034
227	ECA3033	ECA3034	ECA3034
227	ECA3034	ECA3034	ECA3034
227	ECA3044	ECA3034	ECA3034
228	ECA3035	ECA3035	ECA3035
229	ECA3038	ECA3038	ECA3038
230	ECA3040	ECA3116	ECA3116
230	ECA3116	ECA3116	ECA3116
230	ECA3118	ECA3116	ECA3116
230	ECA3119	ECA3116	ECA3116
230	ECA3121	ECA3116	ECA3116
230	ECA3122	ECA3116	ECA3116
230	ECA3199	ECA3116	ECA3116
230	ECA3252	ECA3116	ECA3116
230	ECA3511	ECA3116	ECA3116
230	ECA3513	ECA3116	ECA3116
230	ECA3514	ECA3116	ECA3116
230	ECA3517	ECA3116	ECA3116
230	ECA3519	ECA3116	ECA3116
230	ECA3556	ECA3116	ECA3116
230	ECA3561	ECA3116	ECA3116
230	ECA3562	ECA3116	ECA3116
230	ECA3635	ECA3116	ECA3116
231	ECA3047	ECA3047	ECA3047
232	ECA3048	ECA3516	ECA3516
232	ECA3058	ECA3516	ECA3516
232	ECA3516	ECA3516	ECA3516
232	ECA3546	ECA3516	ECA3516
232	ECA3660	ECA3516	ECA3516
232	ECA3663	ECA3516	ECA3516
232	ECA3664	ECA3516	ECA3516
232	ECA3665	ECA3516	ECA3516
233	ECA3049	ECA3049	ECA3049
234	ECA3057	ECA3057	ECA3057
235	ECA3072	ECA3072	ECA3072
236	ECA3077	ECA3077	ECA3077
237	ECA3088	ECA3088	ECA3088
238	ECA3117	ECA3117	ECA3117
239	ECA3157	ECA3157	ECA3157
240	ECA3205	ECA3205	ECA3205
240	ECA3687	ECA3205	ECA3205
241	ECA3212	ECA3222	ECA3222
241	ECA3222	ECA3222	ECA3222
242	ECA3256	ECA3256	ECA3256
243	ECA347	ECA347	ECA347
244	ECA348	ECA348	ECA348
244	ECA694	ECA348	ECA348
244	ECA695	ECA348	ECA348
245	ECA349	ECA349	ECA349
245	ECA350	ECA349	ECA349
246	ECA3493	ECA3493	ECA3493
247	ECA3494	ECA3494	ECA3494
247	ECA3495	ECA3494	ECA3494
248	ECA3496	ECA3496	ECA3496
249	ECA3497	ECA3497	ECA3497
250	ECA3518	ECA3518	ECA3518
250	ECA3530	ECA3518	ECA3518
250	ECA3531	ECA3518	ECA3518
251	ECA3523	ECA768	ECA768
251	ECA768	ECA768	ECA768
251	ECA772	ECA768	ECA768
252	ECA3524	ECA3524	ECA3524
252	ECA3526	ECA3524	ECA3524
253	ECA3534	ECA3535	ECA3535
253	ECA3535	ECA3535	ECA3535
253	ECA3537	ECA3535	ECA3535
254	ECA3538	ECA3538	ECA3538
255	ECA3558	ECA710	ECA710
255	ECA710	ECA710	ECA710
256	ECA36	ECA36	ECA36
257	ECA3601	ECA3601	ECA3601
258	ECA3602	ECA3605	ECA3605
258	ECA3605	ECA3605	ECA3605
259	ECA3606	ECA3606	ECA3606
260	ECA3634	ECA3634	ECA3634
261	ECA3644	ECA3645	ECA3645
261	ECA3645	ECA3645	ECA3645
261	ECA3658	ECA3645	ECA3645
262	ECA3647	ECA3668	ECA3668
262	ECA3668	ECA3668	ECA3668
263	ECA3654	ECA3654	ECA3654
264	ECA3656	ECA3656	ECA3656
265	ECA3671	ECA3671	ECA3671
266	ECA3672	ECA3672	ECA3672
267	ECA3673	ECA3673	ECA3673
268	ECA3676	ECA778	ECA778
268	ECA707	ECA778	ECA778
268	ECA708	ECA778	ECA778
268	ECA709	ECA778	ECA778
268	ECA721	ECA778	ECA778
268	ECA756	ECA778	ECA778
268	ECA757	ECA778	ECA778
268	ECA763	ECA778	ECA778
268	ECA764	ECA778	ECA778
268	ECA765	ECA778	ECA778
268	ECA766	ECA778	ECA778
268	ECA767	ECA778	ECA778
268	ECA778	ECA778	ECA778
268	ECA781	ECA778	ECA778
268	ECA810	ECA778	ECA778
268	ECA811	ECA778	ECA778
269	ECA3678	ECA3678	ECA3678
270	ECA3688	ECA3688	ECA3688
271	ECA369	ECA369	ECA369
272	ECA3690	WN2086	WN2086
272	WN2022	WN2086	WN2086
272	WN2023	WN2086	WN2086
272	WN2027	WN2086	WN2086
272	WN2077	WN2086	WN2086
272	WN2086	WN2086	WN2086
272	WN2103	WN2086	WN2086
272	WN2104	WN2086	WN2086
272	WN2110	WN2086	WN2086
272	WN2114	WN2086	WN2086
272	WN2118	WN2086	WN2086
272	WN2124	WN2086	WN2086
272	WN2125	WN2086	WN2086
272	WN2126	WN2086	WN2086
272	WN2131	WN2086	WN2086
272	WN2142	WN2086	WN2086
272	WN2143	WN2086	WN2086
272	WN2144	WN2086	WN2086
272	WN2145	WN2086	WN2086
272	WN2146	WN2086	WN2086
272	WN2147	WN2086	WN2086
272	WN2155	WN2086	WN2086
272	WN2178	WN2086	WN2086
272	WN2186	WN2086	WN2086
272	WN2187	WN2086	WN2086
272	WN2239	WN2086	WN2086
273	ECA3691	WN2117	WN2117
273	WN2105	WN2117	WN2117
273	WN2111	WN2117	WN2117
273	WN2112	WN2117	WN2117
273	WN2113	WN2117	WN2117
273	WN2115	WN2117	WN2117
273	WN2116	WN2117	WN2117
273	WN2117	WN2117	WN2117
273	WN2138	WN2117	WN2117
273	WN2150	WN2117	WN2117
274	ECA3698	ECA3698	ECA3698
275	ECA3699	ECA3699	ECA3699
275	ECA3700	ECA3699	ECA3699
276	ECA372	ECA372	ECA372
277	ECA396	ECA396	ECA396
277	ECA397	ECA396	ECA396
277	ECA398	ECA396	ECA396
277	ECA399	ECA396	ECA396
278	ECA551	JU311	JU311
278	JU311	JU311	JU311
278	JU312	JU311	JU311
278	JU315	JU311	JU311
278	MY2481	JU311	JU311
279	ECA552	MY2573	MY2573
279	JU1247	MY2573	MY2573
279	MY2142	MY2573	MY2573
279	MY2144	MY2573	MY2573
279	MY2198	MY2573	MY2573
279	MY2208	MY2573	MY2573
279	MY2224	MY2573	MY2573
279	MY2239	MY2573	MY2573
279	MY2282	MY2573	MY2573
279	MY2294	MY2573	MY2573
279	MY2338	MY2573	MY2573
279	MY2434	MY2573	MY2573
279	MY2443	MY2573	MY2573
279	MY2491	MY2573	MY2573
279	MY2573	MY2573	MY2573
279	MY559	MY2573	MY2573
279	MY579	MY2573	MY2573
279	MY710	MY2573	MY2573
279	MY804	MY2573	MY2573
279	MY934	MY2573	MY2573
279	NIC1604	MY2573	MY2573
279	NIC1699	MY2573	MY2573
279	NIC2125	MY2573	MY2573
280	ECA571	ED3073	ED3073
280	ECA572	ED3073	ED3073
280	ED3073	ED3073	ED3073
281	ECA589	JU1395	JU1395
281	JU1395	JU1395	JU1395
282	ECA592	ECA592	ECA592
283	ECA593	ECA593	ECA593
284	ECA594	ECA594	ECA594
285	ECA615	JU1581	JU1581
285	JU1513	JU1581	JU1581
285	JU1516	JU1581	JU1581
285	JU1581	JU1581	JU1581
285	JU1807	JU1581	JU1581
285	JU1941	JU1581	JU1581
286	ECA616	JU1530	JU1530
286	JU1530	JU1530	JU1530
287	ECA640	ECA640	ECA640
288	ECA701	ECA701	ECA701
288	ECA702	ECA701	ECA701
289	ECA703	ECA703	ECA703
290	ECA705	ECA705	ECA705
290	ECA822	ECA705	ECA705
291	ECA706	ECA706	ECA706
292	ECA711	ECA712	ECA712
292	ECA712	ECA712	ECA712
292	ECA713	ECA712	ECA712
292	ECA714	ECA712	ECA712
292	ECA715	ECA712	ECA712
293	ECA716	ECA807	ECA807
293	ECA717	ECA807	ECA807
293	ECA718	ECA807	ECA807
293	ECA720	ECA807	ECA807
293	ECA770	ECA807	ECA807
293	ECA807	ECA807	ECA807
294	ECA722	ECA722	ECA722
295	ECA723	ECA723	ECA723
295	ECA728	ECA723	ECA723
295	ECA729	ECA723	ECA723
296	ECA730	ECA730	ECA730
297	ECA732	ECA732	ECA732
298	ECA734	ECA738	ECA738
298	ECA735	ECA738	ECA738
298	ECA736	ECA738	ECA738
298	ECA737	ECA738	ECA738
298	ECA738	ECA738	ECA738
299	ECA740	ECA740	ECA740
300	ECA742	ECA742	ECA742
301	ECA743	ECA743	ECA743
302	ECA745	ECA745	ECA745
302	ECA747	ECA745	ECA745
303	ECA746	ECA746	ECA746
304	ECA777	ECA777	ECA777
305	ECA922	ECA923	ECA923
305	ECA923	ECA923	ECA923
305	ECA924	ECA923	ECA923
305	ECA925	ECA923	ECA923
305	ECA927	ECA923	ECA923
306	ECA926	ECA928	ECA928
306	ECA928	ECA928	ECA928
307	ECA930	ECA930	ECA930
308	ED3005	ED3005	ED3005
308	SSD24	ED3005	ED3005
308	SSD25	ED3005	ED3005
308	SSD26	ED3005	ED3005
308	SSD27	ED3005	ED3005
308	SSD28	ED3005	ED3005
308	SSD29	ED3005	ED3005
308	SSD30	ED3005	ED3005
308	SSD31	ED3005	ED3005
308	SSD32	ED3005	ED3005
308	SSD33	ED3005	ED3005
308	SSD34	ED3005	ED3005
308	SSD35	ED3005	ED3005
308	SSD36	ED3005	ED3005
308	SSD37	ED3005	ED3005
308	SSD38	ED3005	ED3005
308	SSD39	ED3005	ED3005
309	ED3011	ED3011	ED3011
310	ED3012	ED3012	ED3012
311	ED3017	ED3017	ED3017
312	ED3040	ED3040	ED3040
313	ED3046	ED3046	ED3046
314	ED3048	ED3048	ED3048
315	ED3049	ED3049	ED3049
316	ED3052	ED3052	ED3052
317	ED3077	ED3077	ED3077
318	EG4347	EG4347	EG4347
319	EG4349	EG4349	EG4349
320	EG4724	EG4724	EG4724
321	EG4725	EG4725	EG4725
322	EG4946	EG4946	EG4946
323	GXW1	GXW1	GXW1
324	HPT48	HPT48	HPT48
325	JR4305	JR4305	JR4305
325	LUA60	JR4305	JR4305
326	JT11398	JT11398	JT11398
327	JU1088	JU1088	JU1088
328	JU1172	JU1172	JU1172
329	JU1200	JU1200	JU1200
329	JU2860	JU1200	JU1200
330	JU1212	JU1212	JU1212
331	JU1213	JU1213	JU1213
331	JU1656	JU1213	JU1213
331	JU1762	JU1213	JU1213
331	JU1770	JU1213	JU1213
332	JU1242	JU1242	JU1242
333	JU1246	JU1246	JU1246
334	JU1248	JU1249	JU1249
334	JU1249	JU1249	JU1249
334	JU1252	JU1249	JU1249
334	JU1255	JU1249	JU1249
335	JU1256	JU1256	JU1256
336	JU1400	JU1400	JU1400
337	JU1409	JU1409	JU1409
338	JU1440	JU1440	JU1440
338	JU3133	JU1440	JU1440
339	JU1491	JU1491	JU1491
340	JU1511	JU792	JU792
340	JU2460	JU792	JU792
340	JU2527	JU792	JU792
340	JU3142	JU792	JU792
340	JU792	JU792	JU792
341	JU1543	JU1543	JU1543
342	JU1568	JU1568	JU1568
343	JU1580	JU1793	JU1793
343	JU1793	JU1793	JU1793
343	JU1920	JU1793	JU1793
343	JU1922	JU1793	JU1793
343	JU1927	JU1793	JU1793
343	JU1929	JU1793	JU1793
343	JU1931	JU1793	JU1793
343	JU1932	JU1793	JU1793
343	JU2104	JU1793	JU1793
343	JU2139	JU1793	JU1793
343	JU2193	JU1793	JU1793
343	JU2604	JU1793	JU1793
343	JU2605	JU1793	JU1793
343	JU3271	JU1793	JU1793
343	JU3398	JU1793	JU1793
343	JU3399	JU1793	JU1793
343	JU3400	JU1793	JU1793
343	JU3401	JU1793	JU1793
343	JU3402	JU1793	JU1793
343	JU3403	JU1793	JU1793
343	JU3785	JU1793	JU1793
343	JU3786	JU1793	JU1793
343	JU4133	JU1793	JU1793
343	JU4174	JU1793	JU1793
343	JU4175	JU1793	JU1793
343	JU4176	JU1793	JU1793
343	JU4177	JU1793	JU1793
343	JU4178	JU1793	JU1793
343	JU4179	JU1793	JU1793
343	JU4180	JU1793	JU1793
343	JU4181	JU1793	JU1793
343	JU4182	JU1793	JU1793
343	JU4183	JU1793	JU1793
343	JU4184	JU1793	JU1793
343	JU4185	JU1793	JU1793
343	JU4186	JU1793	JU1793
343	JU4187	JU1793	JU1793
343	JU4188	JU1793	JU1793
343	JU4189	JU1793	JU1793
343	JU4190	JU1793	JU1793
343	JU4191	JU1793	JU1793
343	JU4192	JU1793	JU1793
343	JU4193	JU1793	JU1793
343	JU4194	JU1793	JU1793
343	JU4195	JU1793	JU1793
343	JU4196	JU1793	JU1793
343	JU4197	JU1793	JU1793
343	JU4198	JU1793	JU1793
343	JU4199	JU1793	JU1793
343	JU4200	JU1793	JU1793
343	JU4201	JU1793	JU1793
343	JU4202	JU1793	JU1793
343	JU4203	JU1793	JU1793
343	JU4204	JU1793	JU1793
343	JU4205	JU1793	JU1793
343	JU4208	JU1793	JU1793
343	JU4210	JU1793	JU1793
343	JU4285	JU1793	JU1793
344	JU1586	JU1586	JU1586
345	JU1652	JU1652	JU1652
346	JU1666	JU1666	JU1666
346	JU3139	JU1666	JU1666
347	JU1792	JU1792	JU1792
348	JU1808	JU1808	JU1808
349	JU1896	JU1896	JU1896
350	JU1924	JU2600	JU2600
350	JU1925	JU2600	JU2600
350	JU1926	JU2600	JU2600
350	JU2151	JU2600	JU2600
350	JU2600	JU2600	JU2600
350	JU2803	JU2600	JU2600
350	JU3138	JU2600	JU2600
350	JU3781	JU2600	JU2600
350	JU3782	JU2600	JU2600
350	JU3783	JU2600	JU2600
350	JU3787	JU2600	JU2600
350	JU3788	JU2600	JU2600
350	JU3789	JU2600	JU2600
350	JU3790	JU2600	JU2600
350	JU3791	JU2600	JU2600
350	JU3792	JU2600	JU2600
350	JU3793	JU2600	JU2600
350	JU3794	JU2600	JU2600
350	JU4132	JU2600	JU2600
350	JU4134	JU2600	JU2600
350	JU4135	JU2600	JU2600
350	JU4136	JU2600	JU2600
350	JU4137	JU2600	JU2600
350	JU4138	JU2600	JU2600
350	JU4139	JU2600	JU2600
350	JU4140	JU2600	JU2600
350	JU4141	JU2600	JU2600
350	JU4142	JU2600	JU2600
350	JU4143	JU2600	JU2600
350	JU4144	JU2600	JU2600
350	JU4146	JU2600	JU2600
350	JU4147	JU2600	JU2600
350	JU4148	JU2600	JU2600
350	JU4149	JU2600	JU2600
350	JU4150	JU2600	JU2600
350	JU4151	JU2600	JU2600
350	JU4152	JU2600	JU2600
350	JU4154	JU2600	JU2600
350	JU4155	JU2600	JU2600
350	JU4156	JU2600	JU2600
350	JU4159	JU2600	JU2600
350	JU4160	JU2600	JU2600
350	JU4162	JU2600	JU2600
350	JU4163	JU2600	JU2600
350	JU4165	JU2600	JU2600
350	JU4166	JU2600	JU2600
350	JU4167	JU2600	JU2600
350	JU4168	JU2600	JU2600
350	JU4206	JU2600	JU2600
350	JU4207	JU2600	JU2600
350	JU4211	JU2600	JU2600
350	JU4212	JU2600	JU2600
350	JU4213	JU2600	JU2600
350	JU4214	JU2600	JU2600
350	JU4215	JU2600	JU2600
350	JU4216	JU2600	JU2600
350	JU4217	JU2600	JU2600
350	JU4218	JU2600	JU2600
350	JU4219	JU2600	JU2600
350	JU4220	JU2600	JU2600
350	JU4221	JU2600	JU2600
350	JU4222	JU2600	JU2600
350	JU4223	JU2600	JU2600
350	JU4224	JU2600	JU2600
350	JU4225	JU2600	JU2600
350	JU4226	JU2600	JU2600
350	JU4227	JU2600	JU2600
350	JU4228	JU2600	JU2600
350	JU4229	JU2600	JU2600
350	JU4230	JU2600	JU2600
350	JU4231	JU2600	JU2600
350	JU4232	JU2600	JU2600
350	JU4233	JU2600	JU2600
350	JU4234	JU2600	JU2600
350	JU4235	JU2600	JU2600
350	JU4236	JU2600	JU2600
350	JU4237	JU2600	JU2600
350	JU4238	JU2600	JU2600
350	JU4239	JU2600	JU2600
350	JU4240	JU2600	JU2600
350	JU4241	JU2600	JU2600
350	JU4242	JU2600	JU2600
350	JU4357	JU2600	JU2600
350	JU4358	JU2600	JU2600
350	JU4359	JU2600	JU2600
350	JU4360	JU2600	JU2600
350	JU4361	JU2600	JU2600
350	JU4362	JU2600	JU2600
350	JU4363	JU2600	JU2600
350	JU4364	JU2600	JU2600
350	JU4365	JU2600	JU2600
350	JU4366	JU2600	JU2600
350	JU4368	JU2600	JU2600
350	JU4371	JU2600	JU2600
350	JU4372	JU2600	JU2600
350	JU4373	JU2600	JU2600
350	JU4374	JU2600	JU2600
350	JU4375	JU2600	JU2600
350	LUA1	JU2600	JU2600
351	JU1934	JU1934	JU1934
352	JU2001	JU2001	JU2001
353	JU2007	JU2007	JU2007
354	JU2016	JU2016	JU2016
355	JU2017	JU2017	JU2017
356	JU2106	JU2106	JU2106
357	JU2131	JU2131	JU2131
358	JU2141	JU2141	JU2141
359	JU2234	JU2234	JU2234
360	JU2250	JU2250	JU2250
361	JU2257	JU2257	JU2257
361	JU2287	JU2257	JU2257
362	JU2316	JU2316	JU2316
363	JU2464	JU2464	JU2464
363	JU2467	JU2464	JU2464
363	JU2468	JU2464	JU2464
364	JU2466	JU2466	JU2466
365	JU2478	JU2478	JU2478
366	JU2513	JU2513	JU2513
367	JU2519	JU2519	JU2519
368	JU2522	JU2522	JU2522
369	JU2526	JU2526	JU2526
370	JU2534	JU2534	JU2534
371	JU2565	JU2565	JU2565
372	JU2566	JU2566	JU2566
373	JU2570	JU2570	JU2570
374	JU2572	JU2572	JU2572
375	JU2575	JU2575	JU2575
376	JU2576	JU2576	JU2576
377	JU2578	JU2578	JU2578
378	JU258	JU258	JU258
379	JU2581	JU2581	JU2581
380	JU2586	JU2586	JU2586
381	JU2587	JU2587	JU2587
382	JU2592	JU2592	JU2592
383	JU2593	JU2593	JU2593
384	JU2610	JU2610	JU2610
385	JU2619	JU2619	JU2619
386	JU262	JU310	JU310
386	JU263	JU310	JU310
386	JU310	JU310	JU310
387	JU2771	JU2771	JU2771
388	JU2800	JU2800	JU2800
388	JU2802	JU2800	JU2800
389	JU2811	JU2811	JU2811
390	JU2825	JU2825	JU2825
391	JU2828	JU2829	JU2829
391	JU2829	JU2829	JU2829
391	JU2830	JU2829	JU2829
392	JU2838	JU2838	JU2838
393	JU2841	JU2841	JU2841
394	JU2853	JU2853	JU2853
395	JU2862	JU2862	JU2862
396	JU2866	JU2866	JU2866
397	JU2878	JU2878	JU2878
398	JU2879	JU2879	JU2879
399	JU2906	JU2906	JU2906
400	JU2907	JU2907	JU2907
400	JU2908	JU2907	JU2907
401	JU3125	JU3125	JU3125
402	JU3127	JU3127	JU3127
403	JU3128	JU3128	JU3128
404	JU3131	JU323	JU323
404	JU323	JU323	JU323
405	JU3132	JU3132	JU3132
406	JU3134	JU3134	JU3134
407	JU3135	JU3135	JU3135
408	JU3136	MY2453	MY2453
408	MY2001	MY2453	MY2453
408	MY2004	MY2453	MY2453
408	MY2011	MY2453	MY2453
408	MY2014	MY2453	MY2453
408	MY2050	MY2453	MY2453
408	MY2051	MY2453	MY2453
408	MY2054	MY2453	MY2453
408	MY2121	MY2453	MY2453
408	MY2137	MY2453	MY2453
408	MY2199	MY2453	MY2453
408	MY2288	MY2453	MY2453
408	MY2339	MY2453	MY2453
408	MY2453	MY2453	MY2453
408	MY2502	MY2453	MY2453
408	MY2541	MY2453	MY2453
408	MY2579	MY2453	MY2453
408	MY2622	MY2453	MY2453
408	MY508	MY2453	MY2453
408	MY524	MY2453	MY2453
408	MY561	MY2453	MY2453
408	MY564	MY2453	MY2453
408	MY570	MY2453	MY2453
408	MY713	MY2453	MY2453
408	MY792	MY2453	MY2453
408	MY819	MY2453	MY2453
408	MY864	MY2453	MY2453
408	MY904	MY2453	MY2453
408	MY965	MY2453	MY2453
408	WN2083	MY2453	MY2453
409	JU3137	JU3137	JU3137
410	JU3140	JU3140	JU3140
411	JU3141	JU3141	JU3141
412	JU3144	JU3144	JU3144
413	JU3166	JU3166	JU3166
414	JU3167	JU3167	JU3167
415	JU3169	JU3169	JU3169
416	JU3224	JU3224	JU3224
417	JU3225	JU3225	JU3225
418	JU3226	JU3226	JU3226
419	JU3227	JU3228	JU3228
419	JU3228	JU3228	JU3228
420	JU3280	JU3280	JU3280
421	JU3282	JU3282	JU3282
422	JU3291	JU3291	JU3291
423	JU3318	JU3318	JU3318
424	JU345	JU346	JU346
424	JU346	JU346	JU346
425	JU360	JU360	JU360
425	JU363	JU360	JU360
426	JU367	JU367	JU367
427	JU3795	JU3795	JU3795
428	JU393	JU393	JU393
429	JU394	JU394	JU394
430	JU397	JU397	JU397
431	JU4047	JU4047	JU4047
431	JU4048	JU4047	JU4047
431	JU4054	JU4047	JU4047
431	JU4067	JU4047	JU4047
431	JU4069	JU4047	JU4047
431	JU4072	JU4047	JU4047
431	JU4075	JU4047	JU4047
432	JU406	JU406	JU406
433	JU4071	JU4073	JU4073
433	JU4073	JU4073	JU4073
433	JU4074	JU4073	JU4073
434	JU4082	JU4082	JU4082
434	JU4085	JU4082	JU4082
435	JU4098	JU4098	JU4098
436	JU4145	JU4161	JU4161
436	JU4153	JU4161	JU4161
436	JU4157	JU4161	JU4161
436	JU4158	JU4161	JU4161
436	JU4161	JU4161	JU4161
436	JU4164	JU4161	JU4161
436	JU4367	JU4161	JU4161
436	JU4369	JU4161	JU4161
437	JU4209	WN2050	WN2050
437	WN2050	WN2050	WN2050
437	WN2056	WN2050	WN2050
437	WN2061	WN2050	WN2050
437	WN2062	WN2050	WN2050
437	WN2067	WN2050	WN2050
437	WN2092	WN2050	WN2050
437	WN2093	WN2050	WN2050
437	WN2097	WN2050	WN2050
437	WN2098	WN2050	WN2050
437	WN2099	WN2050	WN2050
437	WN2100	WN2050	WN2050
437	WN2102	WN2050	WN2050
437	WN2122	WN2050	WN2050
437	WN2154	WN2050	WN2050
437	WN2177	WN2050	WN2050
437	WN2182	WN2050	WN2050
437	WN2188	WN2050	WN2050
437	WN2222	WN2050	WN2050
437	WN2223	WN2050	WN2050
437	WN2232	WN2050	WN2050
437	WN2233	WN2050	WN2050
437	WN2234	WN2050	WN2050
437	WN2235	WN2050	WN2050
437	WN2236	WN2050	WN2050
437	WN2240	WN2050	WN2050
438	JU4286	JU4286	JU4286
439	JU4287	JU4287	JU4287
440	JU4370	JU4370	JU4370
440	JU4376	JU4370	JU4370
441	JU4377	JU4377	JU4377
442	JU4380	JU4384	JU4384
442	JU4384	JU4384	JU4384
443	JU4381	JU4381	JU4381
444	JU4382	JU4382	JU4382
445	JU4383	JU4383	JU4383
446	JU4385	JU4385	JU4385
447	JU440	JU440	JU440
448	JU4400	JU4400	JU4400
449	JU4401	JU4401	JU4401
450	JU561	JU561	JU561
451	JU642	JU642	JU642
451	NIC1749	JU642	JU642
451	NIC1753	JU642	JU642
451	NIC1977	JU642	JU642
451	NIC1980	JU642	JU642
451	NIC1985	JU642	JU642
451	NIC2002	JU642	JU642
451	NIC2004	JU642	JU642
451	NIC2011	JU642	JU642
451	NIC2061	JU642	JU642
451	NIC2132	JU642	JU642
451	NIC2170	JU642	JU642
451	NIC2201	JU642	JU642
451	NIC2206	JU642	JU642
452	JU751	JU751	JU751
452	JU755	JU751	JU751
453	JU774	JU774	JU774
454	JU775	JU775	JU775
455	JU778	JU778	JU778
456	JU782	JU782	JU782
457	JU830	JU830	JU830
458	JU847	JU847	JU847
459	KR314	KR314	KR314
460	LKC34	LKC34	LKC34
461	LUA56	LUA56	LUA56
462	LUA57	LUA57	LUA57
462	LUA61	LUA57	LUA57
462	LUA62	LUA57	LUA57
463	LUA59	LUA59	LUA59
464	LUA93	LUA93	LUA93
465	MBA1163	MY920	MY920
465	MY2042	MY920	MY920
465	MY2097	MY920	MY920
465	MY2138	MY920	MY920
465	MY2347	MY920	MY920
465	MY2373	MY920	MY920
465	MY2406	MY920	MY920
465	MY2479	MY920	MY920
465	MY2688	MY920	MY920
465	MY589	MY920	MY920
465	MY741	MY920	MY920
465	MY887	MY920	MY920
465	MY920	MY920	MY920
465	MY990	MY920	MY920
466	MBA1214	MY2535	MY2535
466	MY2344	MY2535	MY2535
466	MY2532	MY2535	MY2535
466	MY2535	MY2535	MY2535
466	MY881	MY2535	MY2535
466	NIC508	MY2535	MY2535
466	NIC512	MY2535	MY2535
466	WN2076	MY2535	MY2535
466	XZ2210	MY2535	MY2535
467	MY1	MY1	MY1
468	MY10	MY10	MY10
469	MY16	MY16	MY16
470	MY18	MY18	MY18
471	MY2022	RC301	RC301
471	MY2024	RC301	RC301
471	MY2078	RC301	RC301
471	MY2291	RC301	RC301
471	MY2630	RC301	RC301
471	MY2636	RC301	RC301
471	MY2640	RC301	RC301
471	MY2681	RC301	RC301
471	MY2684	RC301	RC301
471	MY2691	RC301	RC301
471	MY684	RC301	RC301
471	MY882	RC301	RC301
471	RC301	RC301	RC301
472	MY2079	MY679	MY679
472	MY679	MY679	MY679
472	MY991	MY679	MY679
473	MY2099	MY795	MY795
473	MY538	MY795	MY795
473	MY673	MY795	MY795
473	MY795	MY795	MY795
474	MY2109	MY2741	MY2741
474	MY2692	MY2741	MY2741
474	MY2741	MY2741	MY2741
475	MY2143	MY2147	MY2147
475	MY2147	MY2147	MY2147
476	MY2212	MY2212	MY2212
477	MY2530	MY2530	MY2530
478	MY2585	MY2585	MY2585
478	MY2623	MY2585	MY2585
479	MY2635	MY2713	MY2713
479	MY2679	MY2713	MY2713
479	MY2689	MY2713	MY2713
479	MY2713	MY2713	MY2713
479	MY803	MY2713	MY2713
480	MY2685	MY2693	MY2693
480	MY2693	MY2693	MY2693
480	MY2719	MY2693	MY2693
481	MY518	MY518	MY518
482	MY772	MY772	MY772
483	NIC1	NIC1	NIC1
484	NIC1049	NIC1049	NIC1049
485	NIC1107	NIC1107	NIC1107
486	NIC1119	NIC1119	NIC1119
487	NIC166	NIC166	NIC166
488	NIC1698	NIC1698	NIC1698
489	NIC1700	NIC1700	NIC1700
490	NIC1741	NIC277	NIC277
490	NIC277	NIC277	NIC277
491	NIC1772	NIC1772	NIC1772
492	NIC1773	NIC1773	NIC1773
493	NIC1774	NIC1775	NIC1775
493	NIC1775	NIC1775	NIC1775
494	NIC1779	NIC1779	NIC1779
495	NIC1780	NIC1780	NIC1780
496	NIC1781	NIC1806	NIC1806
496	NIC1800	NIC1806	NIC1806
496	NIC1806	NIC1806	NIC1806
496	NIC1807	NIC1806	NIC1806
497	NIC1782	NIC1782	NIC1782
498	NIC1783	NIC1783	NIC1783
499	NIC1784	NIC1786	NIC1786
499	NIC1786	NIC1786	NIC1786
500	NIC1785	NIC1785	NIC1785
501	NIC1787	NIC1787	NIC1787
502	NIC1788	NIC1788	NIC1788
502	NIC1795	NIC1788	NIC1788
503	NIC1789	NIC1789	NIC1789
504	NIC1790	NIC1790	NIC1790
505	NIC1791	NIC1791	NIC1791
506	NIC1792	NIC1792	NIC1792
507	NIC1793	NIC1794	NIC1794
507	NIC1794	NIC1794	NIC1794
508	NIC1796	NIC1796	NIC1796
509	NIC1797	NIC1798	NIC1798
509	NIC1798	NIC1798	NIC1798
510	NIC1799	NIC1799	NIC1799
511	NIC1801	NIC1801	NIC1801
512	NIC1802	NIC1802	NIC1802
513	NIC1803	NIC1805	NIC1805
513	NIC1804	NIC1805	NIC1805
513	NIC1805	NIC1805	NIC1805
514	NIC1808	NIC1808	NIC1808
515	NIC1809	NIC1809	NIC1809
516	NIC1810	NIC1810	NIC1810
517	NIC1811	NIC1811	NIC1811
518	NIC1812	NIC1812	NIC1812
519	NIC1832	NIC1832	NIC1832
520	NIC195	NIC195	NIC195
520	NIC196	NIC195	NIC195
520	NIC197	NIC195	NIC195
520	NIC198	NIC195	NIC195
521	NIC199	NIC199	NIC199
521	NIC200	NIC199	NIC199
522	NIC2	NIC2	NIC2
523	NIC2021	NIC2021	NIC2021
524	NIC2030	NIC2076	NIC2076
524	NIC2035	NIC2076	NIC2076
524	NIC2040	NIC2076	NIC2076
524	NIC2043	NIC2076	NIC2076
524	NIC2046	NIC2076	NIC2076
524	NIC2053	NIC2076	NIC2076
524	NIC2065	NIC2076	NIC2076
524	NIC2071	NIC2076	NIC2076
524	NIC2076	NIC2076	NIC2076
524	NIC2084	NIC2076	NIC2076
524	NIC2085	NIC2076	NIC2076
524	NIC2121	NIC2076	NIC2076
524	NIC2153	NIC2076	NIC2076
524	NIC2162	NIC2076	NIC2076
524	NIC2167	NIC2076	NIC2076
525	NIC207	NIC207	NIC207
526	NIC2086	NIC2088	NIC2088
526	NIC2088	NIC2088	NIC2088
527	NIC2099	NIC2099	NIC2099
527	NIC2101	NIC2099	NIC2099
528	NIC2102	NIC2102	NIC2102
528	NIC2104	NIC2102	NIC2102
528	NIC2105	NIC2102	NIC2102
528	NIC2106	NIC2102	NIC2102
528	NIC2108	NIC2102	NIC2102
528	NIC2110	NIC2102	NIC2102
529	NIC2115	NIC2115	NIC2115
530	NIC2116	NIC2117	NIC2117
530	NIC2117	NIC2117	NIC2117
531	NIC2118	NIC2118	NIC2118
532	NIC2120	NIC2120	NIC2120
533	NIC2126	NIC2126	NIC2126
534	NIC2127	NIC2127	NIC2127
535	NIC2128	NIC2129	NIC2129
535	NIC2129	NIC2129	NIC2129
536	NIC2130	NIC2131	NIC2131
536	NIC2131	NIC2131	NIC2131
537	NIC231	NIC231	NIC231
537	NIC232	NIC231	NIC231
538	NIC236	NIC236	NIC236
538	NIC237	NIC236	NIC236
539	NIC242	NIC242	NIC242
540	NIC251	NIC251	NIC251
541	NIC252	NIC252	NIC252
542	NIC2523	NIC2534	NIC2534
542	NIC2525	NIC2534	NIC2534
542	NIC2528	NIC2534	NIC2534
542	NIC2529	NIC2534	NIC2534
542	NIC2530	NIC2534	NIC2534
542	NIC2531	NIC2534	NIC2534
542	NIC2532	NIC2534	NIC2534
542	NIC2533	NIC2534	NIC2534
542	NIC2534	NIC2534	NIC2534
542	NIC2535	NIC2534	NIC2534
542	NIC2536	NIC2534	NIC2534
542	NIC2537	NIC2534	NIC2534
542	NIC2538	NIC2534	NIC2534
542	NIC2539	NIC2534	NIC2534
542	NIC2540	NIC2534	NIC2534
542	NIC2541	NIC2534	NIC2534
542	NIC2542	NIC2534	NIC2534
543	NIC2524	NIC2524	NIC2524
544	NIC255	NIC255	NIC255
545	NIC2553	NIC2553	NIC2553
545	NIC2554	NIC2553	NIC2553
546	NIC2555	NIC2555	NIC2555
547	NIC2556	NIC2558	NIC2558
547	NIC2558	NIC2558	NIC2558
548	NIC2557	NIC2557	NIC2557
549	NIC2559	NIC2559	NIC2559
550	NIC256	NIC256	NIC256
550	NIC263	NIC256	NIC256
551	NIC2560	NIC2560	NIC2560
552	NIC2561	NIC2561	NIC2561
553	NIC2562	NIC2562	NIC2562
554	NIC2563	NIC2567	NIC2567
554	NIC2567	NIC2567	NIC2567
554	NIC2571	NIC2567	NIC2567
554	NIC2572	NIC2567	NIC2567
554	NIC2577	NIC2567	NIC2567
555	NIC2564	NIC2564	NIC2564
556	NIC2565	NIC2576	NIC2576
556	NIC2576	NIC2576	NIC2576
557	NIC2566	NIC2566	NIC2566
557	NIC2575	NIC2566	NIC2566
558	NIC2568	NIC2568	NIC2568
559	NIC2569	NIC2569	NIC2569
560	NIC2570	NIC2570	NIC2570
561	NIC2573	NIC2573	NIC2573
562	NIC2574	NIC2574	NIC2574
563	NIC258	NIC258	NIC258
564	NIC259	NIC259	NIC259
565	NIC260	NIC260	NIC260
566	NIC261	NIC261	NIC261
567	NIC262	NIC262	NIC262
568	NIC265	NIC265	NIC265
569	NIC266	NIC266	NIC266
570	NIC267	NIC267	NIC267
570	NIC270	NIC267	NIC267
571	NIC268	NIC268	NIC268
572	NIC269	NIC269	NIC269
573	NIC271	NIC271	NIC271
574	NIC272	NIC272	NIC272
574	NIC273	NIC272	NIC272
575	NIC274	NIC274	NIC274
576	NIC275	NIC275	NIC275
577	NIC276	NIC276	NIC276
578	NIC3	NIC3	NIC3
578	NIC4	NIC3	NIC3
579	NIC501	NIC501	NIC501
580	NIC511	NIC511	NIC511
581	NIC513	NIC513	NIC513
582	NIC514	NIC514	NIC514
583	NIC515	NIC515	NIC515
584	NIC521	NIC527	NIC527
584	NIC527	NIC527	NIC527
585	NIC522	NIC522	NIC522
586	NIC523	NIC523	NIC523
587	NIC526	NIC526	NIC526
588	NIC528	NIC528	NIC528
589	NIC529	NIC529	NIC529
590	OAR137	OAR137	OAR137
591	PB303	PB303	PB303
592	PS2025	PS2025	PS2025
593	PX179	PX179	PX179
594	QG2075	QG2075	QG2075
595	QG2810	QG2811	QG2811
595	QG2811	QG2811	QG2811
596	QG2812	QG2813	QG2813
596	QG2813	QG2813	QG2813
597	QG2818	QG2818	QG2818
598	QG2823	QG2823	QG2823
598	QG2826	QG2823	QG2823
599	QG2824	QG2824	QG2824
600	QG2825	QG2825	QG2825
601	QG2827	QG2827	QG2827
601	QG2829	QG2827	QG2827
602	QG2828	QG2828	QG2828
603	QG2830	QG2832	QG2832
603	QG2831	QG2832	QG2832
603	QG2832	QG2832	QG2832
603	QG2833	QG2832	QG2832
604	QG2834	QG2835	QG2835
604	QG2835	QG2835	QG2835
605	QG2836	QG2836	QG2836
606	QG2837	QG2837	QG2837
607	QG2838	QG2838	QG2838
608	QG2839	QG2841	QG2841
608	QG2840	QG2841	QG2841
608	QG2841	QG2841	QG2841
608	QG2842	QG2841	QG2841
609	QG2843	QG2843	QG2843
610	QG2844	QG2846	QG2846
610	QG2845	QG2846	QG2846
610	QG2846	QG2846	QG2846
611	QG2850	QG2850	QG2850
611	QG2851	QG2850	QG2850
612	QG2852	QG2854	QG2854
612	QG2853	QG2854	QG2854
612	QG2854	QG2854	QG2854
612	QG2856	QG2854	QG2854
612	QG2858	QG2854	QG2854
612	QG2859	QG2854	QG2854
613	QG2855	QG2855	QG2855
614	QG2857	QG2857	QG2857
615	QG2872	QG2873	QG2873
615	QG2873	QG2873	QG2873
616	QG2874	QG2874	QG2874
617	QG2875	QG2875	QG2875
617	QG2876	QG2875	QG2875
618	QG2877	QG2877	QG2877
618	QG2878	QG2877	QG2877
619	QG2927	QG2932	QG2932
619	QG2928	QG2932	QG2932
619	QG2931	QG2932	QG2932
619	QG2932	QG2932	QG2932
620	QG4003	QG4003	QG4003
621	QG4004	QG4004	QG4004
622	QG4005	QG4006	QG4006
622	QG4006	QG4006	QG4006
622	QG4007	QG4006	QG4006
623	QG4008	QG4008	QG4008
623	QG4009	QG4008	QG4008
624	QG4010	QG4010	QG4010
624	QG4014	QG4010	QG4010
624	QG4019	QG4010	QG4010
624	QG4182	QG4010	QG4010
624	QG4184	QG4010	QG4010
624	QG4185	QG4010	QG4010
624	QG4186	QG4010	QG4010
625	QG4011	QG4012	QG4012
625	QG4012	QG4012	QG4012
625	QG4177	QG4012	QG4012
626	QG4015	QG4015	QG4015
626	QG4016	QG4015	QG4015
626	QG4134	QG4015	QG4015
626	QG4158	QG4015	QG4015
626	QG4159	QG4015	QG4015
626	QG4160	QG4015	QG4015
626	QG4161	QG4015	QG4015
627	QG4017	QG4017	QG4017
628	QG4018	QG4018	QG4018
629	QG4021	QG4021	QG4021
630	QG4076	QG4080	QG4080
630	QG4077	QG4080	QG4080
630	QG4078	QG4080	QG4080
630	QG4079	QG4080	QG4080
630	QG4080	QG4080	QG4080
631	QG4103	QG4103	QG4103
632	QG4135	QG4135	QG4135
632	QG4162	QG4135	QG4135
632	QG4163	QG4135	QG4135
633	QG4137	QG4138	QG4138
633	QG4138	QG4138	QG4138
633	QG4139	QG4138	QG4138
634	QG4147	QG4147	QG4147
635	QG4151	QG4151	QG4151
636	QG4166	QG4226	QG4226
636	QG4226	QG4226	QG4226
637	QG4193	QG4193	QG4193
637	QG4194	QG4193	QG4193
638	QG4228	QG4228	QG4228
639	QG536	QG536	QG536
639	QG537	QG536	QG536
639	QG538	QG536	QG536
640	QG556	QG556	QG556
640	QG558	QG556	QG556
641	QG557	QG557	QG557
642	QW947	QW947	QW947
643	QX1211	QX1211	QX1211
643	QX1215	QX1211	QX1211
643	QX1216	QX1211	QX1211
644	QX1212	QX1212	QX1212
644	QX1213	QX1212	QX1212
644	QX1214	QX1212	QX1212
645	QX1233	QX1233	QX1233
646	QX1791	QX1791	QX1791
647	QX1792	QX1792	QX1792
648	QX1793	QX1793	QX1793
649	QX1794	QX1794	QX1794
650	TWN2530	TWN2530	TWN2530
651	TWN2542	TWN2542	TWN2542
651	TWN2794	TWN2542	TWN2542
651	TWN2803	TWN2542	TWN2542
652	VJV2	VJV2	VJV2
653	WN2001	WN2001	WN2001
653	WN2010	WN2001	WN2001
653	WN2011	WN2001	WN2001
653	WN2013	WN2001	WN2001
653	WN2014	WN2001	WN2001
653	WN2016	WN2001	WN2001
653	WN2017	WN2001	WN2001
653	WN2018	WN2001	WN2001
653	WN2019	WN2001	WN2001
653	WN2020	WN2001	WN2001
653	WN2021	WN2001	WN2001
654	WN2002	WN2002	WN2002
655	WN2024	WN2066	WN2066
655	WN2025	WN2066	WN2066
655	WN2026	WN2066	WN2066
655	WN2059	WN2066	WN2066
655	WN2060	WN2066	WN2066
655	WN2065	WN2066	WN2066
655	WN2066	WN2066	WN2066
655	WN2070	WN2066	WN2066
655	WN2073	WN2066	WN2066
655	WN2074	WN2066	WN2066
655	WN2075	WN2066	WN2066
655	WN2078	WN2066	WN2066
655	WN2079	WN2066	WN2066
655	WN2081	WN2066	WN2066
655	WN2088	WN2066	WN2066
655	WN2089	WN2066	WN2066
655	WN2090	WN2066	WN2066
655	WN2095	WN2066	WN2066
655	WN2119	WN2066	WN2066
655	WN2120	WN2066	WN2066
655	WN2121	WN2066	WN2066
655	WN2127	WN2066	WN2066
655	WN2128	WN2066	WN2066
655	WN2129	WN2066	WN2066
655	WN2148	WN2066	WN2066
655	WN2149	WN2066	WN2066
655	WN2156	WN2066	WN2066
655	WN2157	WN2066	WN2066
655	WN2158	WN2066	WN2066
655	WN2159	WN2066	WN2066
655	WN2160	WN2066	WN2066
655	WN2161	WN2066	WN2066
655	WN2162	WN2066	WN2066
655	WN2163	WN2066	WN2066
655	WN2167	WN2066	WN2066
655	WN2168	WN2066	WN2066
655	WN2169	WN2066	WN2066
655	WN2170	WN2066	WN2066
655	WN2171	WN2066	WN2066
655	WN2172	WN2066	WN2066
655	WN2180	WN2066	WN2066
655	WN2181	WN2066	WN2066
655	WN2189	WN2066	WN2066
655	WN2190	WN2066	WN2066
655	WN2192	WN2066	WN2066
655	WN2193	WN2066	WN2066
655	WN2194	WN2066	WN2066
655	WN2195	WN2066	WN2066
655	WN2196	WN2066	WN2066
655	WN2197	WN2066	WN2066
655	WN2198	WN2066	WN2066
655	WN2199	WN2066	WN2066
655	WN2201	WN2066	WN2066
655	WN2202	WN2066	WN2066
655	WN2205	WN2066	WN2066
655	WN2206	WN2066	WN2066
655	WN2207	WN2066	WN2066
655	WN2208	WN2066	WN2066
655	WN2209	WN2066	WN2066
655	WN2210	WN2066	WN2066
655	WN2211	WN2066	WN2066
655	WN2212	WN2066	WN2066
655	WN2213	WN2066	WN2066
655	WN2219	WN2066	WN2066
655	WN2220	WN2066	WN2066
655	WN2221	WN2066	WN2066
655	WN2224	WN2066	WN2066
655	WN2225	WN2066	WN2066
655	WN2226	WN2066	WN2066
655	WN2228	WN2066	WN2066
655	WN2229	WN2066	WN2066
655	WN2231	WN2066	WN2066
656	WN2033	WN2033	WN2033
656	WN2035	WN2033	WN2033
656	WN2039	WN2033	WN2033
657	WN2063	WN2063	WN2063
658	WN2064	WN2064	WN2064
659	WN2068	WN2068	WN2068
659	WN2071	WN2068	WN2068
659	WN2080	WN2068	WN2068
659	WN2096	WN2068	WN2068
659	WN2183	WN2068	WN2068
659	WN2184	WN2068	WN2068
660	WN2069	WN2069	WN2069
661	WN2082	WN2082	WN2082
661	WN2091	WN2082	WN2082
661	WN2101	WN2082	WN2082
662	WN2106	WN2107	WN2107
662	WN2107	WN2107	WN2107
663	WN2109	WN2109	WN2109
664	WN2130	WN2130	WN2130
664	WN2132	WN2130	WN2130
665	WN2134	WN2136	WN2136
665	WN2136	WN2136	WN2136
665	WN2137	WN2136	WN2136
665	WN2139	WN2136	WN2136
665	WN2166	WN2136	WN2136
666	WN2140	WN2164	WN2164
666	WN2141	WN2164	WN2164
666	WN2152	WN2164	WN2164
666	WN2153	WN2164	WN2164
666	WN2164	WN2164	WN2164
666	WN2165	WN2164	WN2164
666	WN2174	WN2164	WN2164
666	WN2175	WN2164	WN2164
666	WN2176	WN2164	WN2164
667	WN2151	WN2151	WN2151
668	WN2200	WN2200	WN2200
669	WN2203	WN2204	WN2204
669	WN2204	WN2204	WN2204
669	WN2215	WN2204	WN2204
669	WN2216	WN2204	WN2204
670	WN2217	WN2217	WN2217
670	WN2218	WN2217	WN2217
671	WN2230	WN2238	WN2238
671	WN2237	WN2238	WN2238
671	WN2238	WN2238	WN2238
672	XZ1513	XZ1513	XZ1513
672	XZ2212	XZ1513	XZ1513
673	XZ1514	XZ1514	XZ1514
674	XZ1515	XZ1515	XZ1515
675	XZ1516	XZ1516	XZ1516
676	XZ1672	XZ1672	XZ1672
677	XZ1734	XZ1734	XZ1734
678	XZ1735	XZ1735	XZ1735
679	XZ1756	XZ1756	XZ1756
680	XZ2018	XZ2018	XZ2018
681	XZ2019	XZ2019	XZ2019
682	XZ2020	XZ2020	XZ2020
683	XZ2211	XZ2211	XZ2211
683	XZ2213	XZ2211	XZ2211
