strain	Abamectin_mean.TOF_ctrl-regressed	Abamectin_median.TOF_ctrl-regressed	Abamectin_mean.EXT_ctrl-regressed	Abamectin_median.EXT_ctrl-regressed	Abamectin_q90.TOF_ctrl-regressed	Ivermectin_mean.TOF_ctrl-regressed	Ivermectin_median.TOF_ctrl-regressed	Ivermectin_mean.EXT_ctrl-regressed	Ivermectin_median.EXT_ctrl-regressed	Ivermectin_q90.TOF_ctrl-regressed
AB1	-17.7161932668073	-23.7172260441365	-69.7857410620261	-56.3656132995755	-20.3204492089827	1.91242649784225	-0.0665635261119995	19.9911566188139	38.0988454962962	-17.6093274586
BRC20067	-6.88163650063639	-1.06018230140447	-29.8908677392715	-25.074825720508	-10.5696305533481	NA	NA	NA	NA	NA
BRC20263	26.5228300630297	29.1582549407488	86.8846989277377	79.6243275292209	30.8681278979735	NA	NA	NA	NA	NA
CB4852	-11.531335024918	-14.4510113511921	-24.3367589789177	-27.196180543521	-5.74980420343682	10.6672833420572	11.1559672310752	12.3425870522093	44.4150137051135	8.09816412854652
CB4854	14.1318782552262	29.5074349618513	35.3375887234041	50.7153649095732	7.41253131815617	32.9591031989015	35.7211360190399	94.3643975786102	160.842277829168	51.7978449338868
CB4856	24.7634568994885	25.4530608930781	70.1315206477996	75.3557104042572	39.2276232057302	-14.1939774973637	-17.2447154251909	-49.6526506785573	-118.234551844011	-15.121633628064
CB4932	73.5793126362784	86.8765492688248	187.624126784814	198.895041784772	81.0228220768642	53.4151421626505	19.9810290430504	152.543943377977	49.951057594314	124.347168084274
CX11262	-2.30737951578808	-6.11758360818347	-12.9183619857213	-15.612639929723	9.75311925058981	1.37160514921466	-0.0624554992757793	-13.3679472328487	-66.928584758804	22.6287130762483
CX11264	17.7014572779563	20.1766801695375	49.2483214555801	21.1247022283737	21.1739181280508	18.4554005568552	26.3386608132171	71.1384801439366	106.185718676082	39.8168647150143
CX11271	12.4626143441013	24.2798201979164	18.0480103472023	29.279481895427	16.4405592934933	NA	NA	NA	NA	NA
CX11276	6.65828087232956	7.94359021517129	40.3537289760571	55.0294004245722	7.2293296907031	14.8464790101135	16.2767284189491	69.7839214958137	104.771891636472	25.5479502566909
CX11285	-24.6963875335399	-18.7062053033041	-60.0169622503832	-55.6696435571782	-23.8125150317614	NA	NA	NA	NA	NA
CX11292	41.4066049918702	34.0704410071425	193.810918936013	203.648039584732	61.5593638077336	44.6308149002205	45.6345064094633	154.021141949298	154.037620289832	78.6312953873914
CX11307	6.19825369143506	10.1055671630611	2.94602715828101	-49.9388000990156	1.09611216481841	NA	NA	NA	NA	NA
CX11314	-13.3420021918818	-22.3363826120564	-52.5900657945682	-69.6358749375774	-11.5266422010649	-16.3446214088143	-24.075976762637	-61.5400786602838	-84.1233047906789	-1.30340899113596
CX11315	41.0067563261987	18.0207130966997	127.969217094097	54.1141403047557	94.7597238298844	21.7421244204197	4.66072936545593	80.5386096798971	-21.5268748573899	64.5537102644796
DL200	17.9266309854559	26.0023127258024	89.8095892749067	94.0906143607729	22.7944131049218	NA	NA	NA	NA	NA
DL226	0.585480098239695	-17.6242954451736	22.4620746675558	12.7261307743577	3.68881107236499	NA	NA	NA	NA	NA
DL238	37.9383841634863	36.0076105136169	148.322586419438	95.3631064609182	83.6581106000116	12.7120696105687	7.75794638283794	87.3572090334038	-13.0462569985372	42.7246292393735
ECA189	47.7125367581392	68.0844728418798	141.121477209729	189.478130559589	74.751408958719	NA	NA	NA	NA	NA
ECA246	NA	NA	NA	NA	NA	NA	NA	NA	NA	NA
ECA248	-16.891140978764	-15.2559624473671	-42.14597605793	-32.3117036315576	-3.61505133662154	-15.6726365629227	-14.7510803874184	-35.6508495175645	-66.3112577977385	-16.6463317488539
ECA250	11.0606205386099	7.90692092157376	57.5635303639425	70.4551114589112	14.3545822850931	0.905231971228812	-6.28251286388056	29.4555570008301	-54.6924987765022	19.057639380516
ECA251	-5.47992712410093	-12.4676033726968	-11.125215491267	-25.8172397733758	4.01174603488504	NA	NA	NA	NA	NA
ECA252	NA	NA	NA	NA	NA	NA	NA	NA	NA	NA
ECA259	NA	NA	NA	NA	NA	-5.63716950242967	-1.66635829250135	-7.06030373297661	35.8440939348563	-23.7482005229027
ECA348	5.44184116747957	0.894304947238493	49.8638035325587	73.0359035471732	38.8919369911078	-12.7472745449781	-34.6239916252453	-46.1748107440877	-126.604830844758	13.1506501361581
ECA349	-39.1118566034191	-60.189391956614	-95.3881147021388	-146.077790217032	-59.9078894155707	-25.712737760311	-26.9737184226826	-55.6318343231211	-60.7854685822511	-56.3096343198301
ECA36	66.5485486726477	48.8171868927452	165.088655981031	214.24926055056	85.7438869504651	NA	NA	NA	NA	NA
ECA369	-31.1531678023375	-41.3629365647764	-65.1162835380107	-103.708960537758	-35.464483655413	NA	NA	NA	NA	NA
ECA372	-22.7947196483224	-9.43237097189964	-118.376408447741	-114.234917385329	-48.8712978439353	-11.6089434939153	2.24203209664657	-34.3110260138233	13.6733304431292	-17.7807176652037
ECA396	-49.5160742298749	-58.5716532407978	-174.957178844208	-204.104845836898	-52.5019418370515	-48.5272010027615	-58.599229456938	-168.250718656525	-175.908925618667	-30.1690070402714
ED3005	-29.7453800292923	-41.2830358207347	-48.8430691974816	-48.6612415960542	-40.7562652907221	NA	NA	NA	NA	NA
ED3011	20.4216572726707	34.743982265897	83.523622974873	132.234236267522	24.1500380219931	20.039965314357	25.9424537438444	85.0169661618616	114.412451571989	32.2056810147488
ED3012	NA	NA	NA	NA	NA	40.3090008532183	37.883102414142	187.923429765889	161.441877175415	95.6876676827635
ED3017	30.9388302446041	27.2821881854585	85.2023056236292	101.667354409194	38.9276336939512	19.7460376197514	26.9969469065436	29.0431482725437	66.1062561115813	17.9971433028706
ED3040	4.35021289279656	-3.12375863912986	6.98569800583359	29.6260841455266	20.5559292336364	NA	NA	NA	NA	NA
ED3046	-27.1785927598422	-19.9208769696728	-110.830419436496	-137.15900964675	-48.641631819122	-11.1176579692929	-6.51123305184542	-55.5699008147344	-50.0181347086507	-18.7647473325252
ED3048	22.3229622953903	31.2187760375216	103.864059187554	103.729452774153	15.9515075591723	NA	NA	NA	NA	NA
ED3049	-32.8758615825646	-30.4746825303729	-150.863333804362	-169.365896301354	-59.6132500024629	NA	NA	NA	NA	NA
ED3052	-25.0075653884331	-29.9476860420315	-48.8243554839191	-51.2331567504148	-28.6283905585056	NA	NA	NA	NA	NA
ED3073	1.29978330224933	-2.9315161117063	51.1400134053884	39.4289934564513	3.23395938322865	-15.2754408465421	-13.7040344747187	-26.1864488142362	-13.3560504279736	-43.9394130370385
ED3077	46.3699937366178	53.4465325190342	198.000941339736	235.559801281296	72.8367065715432	28.5794000823231	28.2426704504634	88.7546357760448	115.719034930392	49.1729854438645
EG4347	20.4393323956795	31.4442969550453	68.9323689929644	82.827442989643	21.4492919791014	-27.5013573744805	-21.8510452386183	-56.9414160925523	-96.0625993544729	-19.3939267830823
EG4349	36.9494582304193	37.8938713389633	152.425472597862	143.943151584898	76.7679249709017	4.36041364938349	-0.753030377860117	4.68200741161355	-22.0844087375464	15.9688004576364
EG4724	NA	NA	NA	NA	NA	7.260746488646	7.20253089473273	13.1529580146013	6.88858270554865	12.8947774747775
EG4725	51.0581575323212	51.1415330287592	102.520146460688	152.35892523876	69.2554453196607	56.7457191719931	68.9820627158154	156.513071129107	173.263213855888	76.4279837164504
EG4946	4.16125401807553	8.13770861393538	40.4457316383163	63.4732980023278	-3.32022985874605	-0.843746141752332	-1.94845262826725	20.7966301995361	-37.3517991238906	-8.11182629043582
GXW1	19.0646650204365	24.4704302979919	42.4204664747453	48.7560059453149	18.5817089696568	-14.7610919526016	-13.9648306284126	-61.5720883346998	-66.9872101069071	-28.4250228839998
JT11398	26.9594235267667	41.1995451330858	85.690042506525	98.886822712072	22.4621209196339	24.9872371261196	27.1978828650689	69.5374350360706	104.788666116683	29.3892844370918
JU1088	13.7911137854988	11.9256296821526	-11.6980413699195	-35.7226513151901	21.1730066091823	NA	NA	NA	NA	NA
JU1172	-1.48648341393808	-2.60216393014354	63.6104797112411	78.7249344308108	12.5818289196266	NA	NA	NA	NA	NA
JU1200	NA	NA	NA	NA	NA	NA	NA	NA	NA	NA
JU1212	56.2214920886673	52.1452723360139	178.349847915326	206.126233796003	84.8957259311729	47.4815139325645	51.1038349263577	198.758399366267	175.750324022462	94.0609780494129
JU1213	NA	NA	NA	NA	NA	9.06559354648427	20.5809250653023	52.0739020855519	87.1872930430854	7.4074496112959904
JU1242	-15.4651968749802	-19.7024588633228	-62.7093009319795	-68.4109441289126	-54.5832867158984	NA	NA	NA	NA	NA
JU1246	30.931773822219	32.9514704915095	84.4577284086868	63.03516868035	59.9215073537427	NA	NA	NA	NA	NA
JU1249	-1.031282457012	2.9099448791292	13.5793980536058	20.3193395283954	-7.13220512059846	10.2680114371555	11.4098071546815	26.8659557925869	46.5183349049971	1.38046127857624
JU1395	2.65288327991122	8.60596288761585	9.85056459408185	22.9905660242976	-7.00137465914702	-7.43703767678279	-5.58551594257036	-38.7783535961728	-30.0881504027255	-25.1215424150197
JU1409	-7.38275184020338	-13.1742689156598	-46.3272115335798	-41.0807993028884	-6.29709148516078	NA	NA	NA	NA	NA
JU1440	-32.7035112136836	-29.8532017956618	-106.477652461729	-110.867497731554	-55.760182847146	NA	NA	NA	NA	NA
JU1491	43.7069912030757	37.5505309010623	124.448177829789	115.50948316892	57.0468011142402	NA	NA	NA	NA	NA
JU1530	NA	NA	NA	NA	NA	NA	NA	NA	NA	NA
JU1543	19.4830854843024	32.857170606971	51.456586426065	82.4127205779757	16.8554787351286	19.7543444934746	25.111122226223898	19.894513760509	23.6907975038005	21.644897455007
JU1568	18.5148580620748	29.9415874837982	39.2540869164172	71.5354211327912	21.5188826186192	18.048097265084	24.0215958140706	53.1223732542923	99.4116972184154	3.85184944846278
JU1580	39.5450779080562	27.1682419091032	96.9965602859564	36.0877749782004	81.9900039657434	NA	NA	NA	NA	NA
JU1581	-19.4582828050533	-30.8082972212963	-69.6430591718132	-84.9917210408268	-31.4233958239329	NA	NA	NA	NA	NA
JU1586	NA	NA	NA	NA	NA	NA	NA	NA	NA	NA
JU1652	-14.540518289242	-9.85363256886888	-33.737517321369	-15.2078779564038	-31.1546139285793	-21.3825592027493	-15.0387090734142	-46.2106985618127	-14.5155858257106	-65.9692643223506
JU1666	24.6984568808804	31.1147857413215	14.8007423384438	61.2289876953726	2.32272786592942	NA	NA	NA	NA	NA
JU1792	12.5974668703822	19.1172195933146	-12.9966205895315	4.56527599220615	1.79011605481858	NA	NA	NA	NA	NA
JU1793	39.6688716027615	46.3738233045906	87.5679086549969	125.92239979093	62.3038966252401	24.487025487591	29.242400364774	40.1853740071841	-8.72303435550243	52.1126364992281
JU1808	-11.9628834750398	-25.6174102444398	-77.6133096750032	-170.030604160233	0.682964392466936	-18.8047482391617	-22.9719601369961	-68.4019059728339	-96.4281494714081	-44.7609985014
JU1896	5.76041703663408	5.0505987232899	10.8054145798064	26.5717142136123	0.0501532142514898	13.3963711556456	21.5611655839398	28.772525016217	70.8155247320072	18.8550410302661
JU1934	-14.4911704718574	-4.09174848398129	-51.8787762936687	-24.7359618844332	-42.7336925937481	NA	NA	NA	NA	NA
JU2001	NA	NA	NA	NA	NA	-7.188898604722	-3.94976872850392	-45.0029961650249	-42.6020216530206	-1.93357583346548
JU2007	23.1146951559457	42.9658618310482	26.6414164953731	29.9818428883258	2.59701961177325	NA	NA	NA	NA	NA
JU2016	-0.436050497440215	-5.35446336297703	39.9444805283605	62.9703765177945	4.20948359713703	NA	NA	NA	NA	NA
JU2017	10.122596505332	6.87184532124696	69.4632491167473	56.6096492997557	21.0514963118838	NA	NA	NA	NA	NA
JU2106	-53.3956276376054	-48.7237485483334	-199.251770984588	-225.267476883881	-100.4450663694	-24.8145862912045	-14.0965626936787	-82.9708449639151	-35.9317371143946	-60.7566551746656
JU2131	-8.66796676005505	-22.2021030652429	-48.4928914099519	-85.3502865025927	7.5686376734032	-24.0898003085496	-28.6118732205551	-62.1832289590977	-96.5685466051518	-31.5348086054816
JU2141	13.9276928132736	33.0099760279192	3.23890851286238	14.7061286925778	-2.85085436266972	-13.8722887901065	1.23809016842593	-61.147707561211	-43.455910964274	-13.2776825963401
JU2234	-45.8969925057222	-81.6037061876475	-83.8429751220294	-164.750236031183	-16.8594741289416	-14.5364066573229	-11.2824267883841	-35.2076640397034	-49.1411396965251	-0.586916896275353
JU2250	-39.9591743804781	-44.4767211489735	-114.151052533987	-110.192896181111	-60.7361685137301	NA	NA	NA	NA	NA
JU2257	-0.925325147408908	5.14540398222074	-5.75812626663034	17.1149144505826	-11.2823373266815	17.4031233033514	23.2079379257491	35.7534310100811	81.7706521275768	10.5825487307603
JU2464	-35.1314129510565	-44.0811940968099	-141.859315930078	-148.547083820282	-45.4106181542559	NA	NA	NA	NA	NA
JU2466	-2.1049599382922	3.31633302424808	12.1870626472636	16.9893390241285	-39.4035249002548	NA	NA	NA	NA	NA
JU2478	NA	NA	NA	NA	NA	-21.176944509206	-29.1583740966065	-79.1112578849476	-58.3286827931266	-34.5083885333108
JU2513	-10.2117020209747	-9.98482426845498	-32.4731197281857	-15.8616671341458	-29.2524090869164	-11.4563251894063	-9.245231876775	-29.6086081177346	-9.78005222179517	-23.2220571307919
JU2522	-2.3089735960331	-6.83961138903644	16.3118944093751	-12.5863703509506	21.1605811941254	11.2512767415918	7.36711293986824	36.720913682223	20.4230904870648	39.7321483601783
JU2526	-14.4918469750426	-12.830493699666	-100.755257379555	-124.890113227183	-15.7311209461978	-57.727071595274	-52.1049074219057	-152.211129918492	-118.819094310744	-130.899992558261
JU2534	-12.5542627417097	-8.12435630720978	-49.8009431441557	-40.1839872497952	-33.2185917487592	-19.697856336735	-20.2967537824669	-89.3151349853672	-86.3893239674341	-49.8985750145103
JU2565	-23.0391617002626	-20.1336510844115	-57.2849190273403	-38.4479835444846	-40.1501452011292	-9.72211309151907	-14.1189281860692	-58.5384196369577	-56.2368063729377	-10.9138237261369
JU2566	-37.453097529493	-40.285444738763	-95.4048112606717	-91.0483941502498	-67.0759291844598	-8.80011151256127	5.52082568676262	-57.1203203678585	-4.22428125459731	-41.0646922613046
JU2570	-0.0352643030171698	7.30534018620547	-29.185618360028	-19.3312296805461	-18.2342266908256	-3.02626155159242	9.14630953930981	0.26988986815168	-20.2990947064578	-0.544321142330832
JU2572	-12.6202416483981	-8.68375667368792	-31.3369706543674	-14.7238243880926	-27.0905589220629	7.33708548783007	13.3893359863638	23.5529383046518	0.243893668965937	19.7281597150097
JU2575	-32.9272902245114	-40.4674988587309	-83.4314233168517	-66.9211607914106	-37.0768089742694	-19.2590893767889	-23.6445019008866	-49.4910306197445	-71.9853461803587	-12.5970639729793
JU2576	-34.0995706813466	-41.579542322941	-83.7948169660758	-111.172115112546	-51.010121944489	-8.35981791185823	-5.64625609447243	-32.3358289735192	-0.978748536600442	-19.1522951666808
JU2578	24.3443503975686	37.3583288641882	75.6443512026277	101.065612800215	34.3255932716492	26.8990417150959	64.6858973076268	75.3105482929973	154.297489533088	48.4664881272953
JU258	-19.8450950078093	-26.8727077322066	-69.8060590343425	-103.999034085894	1.49426911914564	-33.949698846809	-36.305948293056	-84.5323104370657	-147.389523077323	-20.9542879571543
JU2581	-31.8731813784731	-23.9806793883554	-112.541103626793	-125.410676381295	-38.3707559524331	NA	NA	NA	NA	NA
JU2586	37.9055816177216	31.5535663205177	113.193248705595	120.465985402787	65.6783539643217	100.138532906796	111.614127470797	277.211536291692	366.482522718121	146.727441580189
JU2587	-17.2957843612045	-18.5920130434144	-43.5969651677343	-73.2876620967611	-7.02827369785371	-52.7726106491072	-46.6460150907932	-148.082512723222	-172.567456378267	-85.2726515715614
JU2592	13.8487754026291	37.7726143175928	-27.2426869065016	-2.35118461093453	21.498675301502	2.3567405440023	3.25974560833682	1.67561728195837	-3.84850358862544	8.58407509251722
JU2593	-11.2411354290106	-24.1746286947975	-29.8851226762014	2.81834314558593	-29.5877360207744	-51.0857935247068	-41.1206106895394	-139.830158441737	-197.751434583112	-56.1818670055713
JU2600	7.04883124776321	-1.12118966798005	3.25945711124745	6.46833682946418	-17.4131162393386	21.1630805335509	29.8440089222368	67.8022361587587	128.491106999465	27.2717552368141
JU2610	2.95223856530775	16.9806367738915	-28.2712934404356	39.3885599389493	-3.0357476780641	39.8764091920083	46.0702637244595	128.183996906245	192.367500657443	55.0659128844954
JU2619	30.3724663889172	26.5405854613147	97.5788131121855	86.4503301290645	42.0356957133894	41.8861391959113	55.8988813483318	182.975618190764	220.651112032295	58.5339406288938
JU2800	-10.5290382890533	-14.6088367870035	-41.1274634238739	-38.9028536584332	-31.3431385249273	-9.06308039117085	-14.0583392932526	-20.7313797764056	-39.247518541726	-17.0022380380337
JU2811	38.4185633315051	49.0162048349955	141.813808238664	147.667179352209	44.2136642502474	36.0575496013843	40.0414932040621	142.303199833796	116.553958593467	70.2137324847564
JU2825	13.2671728635593	35.8614105188638	25.3228106950025	66.9894781454994	5.24996001144336	31.6362623135706	67.8872128216395	89.8489538127436	140.520983793678	25.2559623206085
JU2829	-14.9593801291844	-13.7814382520183	-65.2043289849381	-99.0543901113004	-26.4336487506771	-22.6656352372959	-23.5354775061652	-107.029230331942	-117.867226807055	-23.1446580178785
JU2838	-32.1648785641739	-37.8163701654895	-76.9300961670156	-95.8996425478389	-37.1029674327473	-26.1743847220224	-39.7796912369277	-74.7749615599651	-118.602052608979	-15.3994833557357
JU2841	5.73381354707477	16.2858742597087	22.510050108701	59.9303289280171	-11.1886017575461	-12.4249781442673	-6.19195324883626	-47.3477040065385	-10.7632386295832	-35.4724199940376
JU2853	-2.87280940090451	-6.48928937414003	10.2744925721352	34.5973602384026	-5.2275012077733	1.59496670757954	8.82315261044116	14.5283266999118	28.3621008542801	-4.48839702450839
JU2862	-3.14073635851433	-19.0395930471064	30.736384519695	-86.604637599787	69.0973554639531	34.6599872954019	27.7572393703791	149.234048971619	54.7709953304762	71.8756009411858
JU2866	-9.2772039260757	-7.36219649001092	-0.190306143332089	11.5346226605832	-31.8354407423673	-12.8766695164012	-23.5487629982292	-17.7938969624482	-31.196622780172	-22.2153919558974
JU2878	50.4407413861753	46.3989298229841	192.015159242971	165.02204417669	96.7366575756061	28.9288322562622	9.22028902303346	84.0542867142052	-7.6873089742284	67.899577001207
JU2879	-14.7902209213956	-16.8314234718349	-20.919194621783	25.0888963223608	7.71429896090312	-47.2997774136777	-52.7597898342996	-163.223396780626	-185.57397492221	-63.4727975952826
JU2906	-9.38747728025218	-5.30883360626742	20.2830207355582	55.5761815940258	-4.53432327787737	-0.804918038895421	-3.42994628428585	45.9257197455156	38.4268286605985	11.5888955363926
JU2907	9.64891980245455	24.7533722225936	30.679126500763	76.547402692106	-0.680622440877435	8.37136511452325	9.430477026614	33.5746803393224	69.6309296830611	1.72413097808242
JU310	1.21050199199027	-5.52632750305955	33.0532611003681	14.6157105488278	2.46880404405322	-5.28170290639541	-12.6882989455284	-6.988752330636	-58.5027248422956	-1.61207044734032
JU311	13.7632623109776	18.9137513684315	2.94851062332258	38.0588128880585	-4.65213239525471	NA	NA	NA	NA	NA
JU3125	16.2207134183841	15.0419952930471	12.5508090390049	8.47529966663983	5.68134970316493	-6.61902128325083	-26.3137842981593	-24.9321247527075	-86.1959094549662	-0.0433072972125004
JU3127	12.2601881045879	9.9188520350962	21.2120459381305	38.7484139113509	22.5015234817146	45.5004507070921	55.7287591801193	154.298290021192	216.747713242415	63.0003115348325
JU3128	-9.25905085585087	-10.719989150212	-9.53904524800727	-12.8309758320258	-29.2320936258678	-17.2584728623127	-11.2995520358511	-17.8647152908246	34.4697783272182	-38.4298480607354
JU3132	-20.01306793709	-10.9674129093722	-106.810593483378	-158.788971271485	-45.6496029662147	-41.2763204367656	-43.5320434686553	-120.873070353629	-143.957085663241	-66.7177655959144
JU3134	-3.89881427843573	3.59905637080873	-4.23605015432044	17.0406520010636	-15.8207639103802	-2.40662873264641	-10.60116316113	-8.64320883178532	-43.6461138093663	-4.66626414490445
JU3135	27.528976624187	36.9292018309088	104.256522258457	116.891916859235	33.1126918105879	43.0938376012041	58.3628706096267	125.823614580455	191.007009289255	27.704167081359
JU3137	-18.1723275640642	-29.5393073194766	-75.7713719943735	-42.7272833608089	-21.8804801929496	-11.958992076275	-2.36513730073387	-62.1477399459199	-2.28718839518985	-34.7010735528149
JU3140	-11.562645157162	-24.3775509528914	-45.5369492274598	-24.9829217391076	-10.2119148539685	-5.38610560839542	-9.04501269474237	-20.0488739518502	-71.5115111094523	3.64932513882935
JU3144	2.41751067360213	-3.20984297833118	33.0434560318837	8.58695674620242	4.96039623872223	-13.7863327732377	-23.136644670713	-52.8282427242361	-98.5495611223977	17.7011270304767
JU323	-12.5815456108999	-13.7842750951302	-21.2175815531763	-17.2165750799771	-20.3849845728926	NA	NA	NA	NA	NA
JU346	-15.9895196918091	-12.9174616130335	-19.2996039034637	25.5697339413663	11.1991158290825	NA	NA	NA	NA	NA
JU360	-59.5948413478982	-69.4240931041846	-171.528103193457	-193.233862106514	-73.122216421472	NA	NA	NA	NA	NA
JU367	-7.0741009711865	-1.00193978408277	-11.8332704480353	-4.69906013686148	-18.2584653948778	-16.2281342248015	-21.1248907179701	-58.6566448245028	-76.5437820945758	-19.5514393360033
JU393	15.5060096254879	8.52937440322892	30.3579552296997	13.3521951180847	21.5394236246917	NA	NA	NA	NA	NA
JU394	1.33098428538693	5.72897465095859	8.43942264205707	35.7328154984427	-9.29452366312978	NA	NA	NA	NA	NA
JU397	-23.6250137640261	-19.9902579175504	-82.564890916862	-83.9378246869735	-45.2932383932637	-31.7383998040392	-33.4197524485167	-82.9213742067358	-59.4060588807412	-55.5966538468485
JU406	9.85372482757931	20.7029999745829	13.3451894342355	44.1644384256121	-4.94740613384897	6.05362657625938	10.1530059348015	4.99948292348389	33.8042538717473	8.39759740338251
JU440	19.4507400461696	13.7517126974329	82.5832559958785	85.8302292623453	9.8172802145192	NA	NA	NA	NA	NA
JU561	-26.4635181897329	-19.8138154108812	-65.6982510151121	-45.2053152870202	-40.418547544536104	-15.6458329136128	-4.21527636170249	-65.2488862792738	-34.5342545159873	-39.8791658424259
JU642	12.88175610586	21.6495967681862	-21.0048970207887	-1.08928184248073	7.32018732322284	20.6241364667218	11.5022009171033	1.57695398102063	32.8802418941038	26.2363945876923
JU751	51.5640832083084	49.6617966710891	115.527978400325	82.1783724800637	61.0864382939943	11.4679014969288	7.62146443395388	16.8553306524565	-23.5270046974365	47.1523837512766
JU774	-11.3128088060163	-10.7891621955151	-84.0820022418179	-89.5727547302698	-37.6279130342418	NA	NA	NA	NA	NA
JU775	-21.5614077411215	-25.3019857025856	-95.4034557483532	-138.15906468025	-6.30188918494637	-33.1216515477357	-36.7893145155658	-129.8483765858	-132.481977307056	-33.5002550101038
JU778	-27.3539883709537	-25.9770994474447	-79.377825636084	-43.8650490033645	-49.6044272108987	-12.0542378148445	-5.09889407028295	-18.7244640312599	29.0863079019573	-34.5625202828811
JU782	29.312417735323	34.7438492943005	123.195651193615	212.41098152179	58.9773217009024	29.8892869327974	26.829719354417	120.747269172162	82.0323308718919	57.7336964980367
JU792	-42.6307199806628	-45.0466090072503	-162.694396299321	-195.986570739794	-63.3980512876257	-28.2178570198798	-25.9918581873576	-57.088232935684204	-64.9021100424468	-39.1601982977087
JU830	8.10705930860463	6.83595205495796	38.7291234892407	62.4425008722064	19.6700943719223	NA	NA	NA	NA	NA
JU847	NA	NA	NA	NA	NA	NA	NA	NA	NA	NA
KR314	-23.7560678126551	-24.7591546631156	-37.7270624234496	-35.9602732381478	-65.6596082444738	NA	NA	NA	NA	NA
LKC34	1.161565253882	4.31879525665171	-22.9918228267709	-16.3168349006328	-1.55097892170694	NA	NA	NA	NA	NA
MY1	9.27409442543597	6.50205699508975	41.0776380526125	56.5872723726006	19.6081625394594	NA	NA	NA	NA	NA
MY10	-6.37023993160268	-10.4841987832867	-16.3093000634769	-48.5025364334847	-1.18082179514284	NA	NA	NA	NA	NA
MY16	-19.8937143979638	-14.1938273664942	-60.3775074118672	-83.6782542060035	-23.327356297262	-14.0290366694893	-15.3541107629952	-70.9109995166668	-118.575309718657	-8.97901171760206
MY18	-31.2945092810553	-38.5298886714343	-95.9679751846806	-81.9431651630041	-64.6770603925394	-7.45245104342352	-1.8741849089288	-43.0656767260254	-45.0506202504953	-33.8319013576452
MY2147	-12.3276300893855	-12.4528900801447	-18.5940440579393	-21.5028935157648	-29.5065725852627	-2.49698469550555	-0.177823736829996	-14.5216925266807	1.87050703248115	-21.0372797290169
MY2212	40.1248811285999	52.0391342482285	111.982961427351	122.66374794522	40.3414776267208	42.0406192549756	47.9467405520143	109.77790802878	149.55933483662	77.1807749461217
MY23	-33.8993191563075	-42.9457768216626	-113.393444772183	-161.394101988419	-38.0272185866714	NA	NA	NA	NA	NA
MY2453	NA	NA	NA	NA	NA	22.1984384623542	30.1429547614556	35.9722175067506	99.2010517427755	-4.65438923157903
MY2530	68.6044998368227	94.4592960877118	219.245327847596	235.715705968364	82.9825583598704	29.5924776971985	10.8904620065598	99.4338496158566	27.2435408920977	87.8056073054037
MY2535	40.5805580816523	44.3651085428026	150.08302642485	149.589380753342	46.3463494532917	19.2136197933538	12.078537560058	44.2799403464326	3.7502141200186	47.8516231899351
MY2573	-10.677711417681	-20.3427322593362	-58.6112402618587	-62.0323229538874	6.84888674881509	-23.543723329267	-22.302999807569	-87.1635061702335	-66.1878045791161	-76.5464165817037
MY2585	NA	NA	NA	NA	NA	42.2000042624266	52.8334455096697	147.771027658609	154.141921074656	72.4897575163849
MY2693	-8.81152056717734	-7.72710659174321	47.8441261037754	80.9671597737435	-36.7912738582015	6.67188057179292	11.5336165454665	8.84701322239429	41.4826546186773	-5.51793161815829
MY2713	-1.49644664977713	-5.87842358269666	41.2233213285408	44.9507519813677	2.55060578045295	9.26441374039894	15.3486283386011	44.1873701388427	60.5722044439447	9.17162752240599
MY2741	-20.4458701784707	-15.9052490705559	-24.6569337252948	9.2046670801302	-31.8855950443856	-11.1875263032307	-6.25429661533844	-25.2945958198862	26.1099069692371	-45.5654224311833
MY518	-3.19762864144065	-11.2630705452768	-13.2114577629125	44.8270227069707	-11.8634327156003	-37.9765531704023	-40.7758580374917	-109.375251268396	-115.822046805585	-55.369670168695
MY679	21.4852773092938	35.1529990470971	52.5440088052428	66.6422379505095	33.595098777866	-7.77212189404434	-10.4593441188501	-18.3654968151957	-117.688771440015	0.740637059127023
MY772	-2.42998544309294	-0.998250072084341	22.1086364536072	26.1249243084013	-11.4295266109722	-10.2285675223953	-14.5356706536735	-46.4011098941433	-78.1434859101018	2.21075282785392
MY795	NA	NA	NA	NA	NA	-14.3533911564188	-1.38415191581735	-31.6544825233556	-5.88753410475565	-40.9675247857465
MY920	36.6997127727089	25.2720318530722	131.437981749588	161.20857641074	60.3260759901987	45.2480801715588	47.5270315221354	151.010431166718	236.345755702403	80.9297325398639
N2	NA	NA	NA	NA	NA	1.96438825163555	6.59539241557135	-13.8172197515742	35.549905099699	-10.771925199706
NIC1	NA	NA	NA	NA	NA	NA	NA	NA	NA	NA
NIC1049	-36.3046857136661	-49.2198805375813	-98.2320146025904	-168.908857590534	-45.1978871292592	-40.9801099022555	-44.9271471294432	-109.875499764903	-134.364151336965	-59.4064144161726
NIC1107	16.8459954392458	29.2487876321169	-41.8500824557046	-3.53126312427829	19.8340610984664	NA	NA	NA	NA	NA
NIC166	-12.1236644387966	-12.4984507311752	-21.0929060033901	-12.7504965485559	-23.006135958651	-5.68061321331427	-3.14397095694964	-7.08055849438667	-11.6199529383592	0.496598249327922
NIC195	23.5623532172794	22.7383576010227	26.6394441702639	25.8507227919289	34.5563358548885	17.1740707212455	16.9193232475066	48.5473540491911	32.1587236662553	20.0701921791493
NIC199	-32.434170894392	-44.088452162303	-131.76915452037	-157.511416032461	-49.6322264685001	NA	NA	NA	NA	NA
NIC2	NA	NA	NA	NA	NA	NA	NA	NA	NA	NA
NIC207	-23.0061540394589	-17.6619497457432	-29.6499520430101	-22.7940059538234	-37.8000695152998	7.83019387609312	7.935633952751	3.52599376604188	7.8531603949899	9.1069257518098
NIC231	7.65578429278136	3.42268892217943	-31.7017521037426	-6.50170042905188	23.2708001650466	18.7704556432836	22.6228937998787	14.0934620625145	75.2327626601705	17.9277723235665
NIC236	38.9845143411431	37.3493496195891	163.877491775034	172.857523116119	45.7784846849148	NA	NA	NA	NA	NA
NIC242	-53.2959303846272	-57.4869319135129	-154.435320842464	-153.938890547542	-93.7139978067096	NA	NA	NA	NA	NA
NIC251	-37.3844885890259	-37.9894811093104	-158.90086476575	-162.246793120233	-55.7395307812494	NA	NA	NA	NA	NA
NIC252	24.6811039731909	19.6472879977799	76.2500063341787	66.2563658020377	52.7090284226945	NA	NA	NA	NA	NA
NIC255	NA	NA	NA	NA	NA	NA	NA	NA	NA	NA
NIC256	5.29300580516766	-7.81085985617624	1.85652585474489	-39.1881977575236	27.343761331378	NA	NA	NA	NA	NA
NIC258	-19.0303898221872	-25.4408181422543	-73.0636850344447	-110.389797773425	-17.5943491293996	-48.907688081447	-42.720408966581	-123.96518272715	-138.212664988119	-108.723638707425
NIC259	-39.4898933267264	-46.7853260308158	-159.657944570127	-182.561790854311	-62.2508182874142	NA	NA	NA	NA	NA
NIC260	-18.1225014759647	-20.1038321648358	-37.2251168826988	-87.252438443364	1.4148378273328	NA	NA	NA	NA	NA
NIC261	19.3189623305798	7.20334941248627	60.5416706268554	20.7531056071254	54.9919871450374	NA	NA	NA	NA	NA
NIC262	-41.4998300642036	-35.7299565099675	-145.709392899853	-155.239337951394	-72.911214419854	-41.7749899971994	-36.4363414750869	-136.240865906757	-131.955102673172	-77.0134025159963
NIC265	5.08015914234436	4.99436459435519	-23.243035675659	-38.0988220841853	12.5718734159533	-31.0442020368053	-23.8652062005327	-103.047074246912	-84.1044166760179	-68.9038836577066
NIC266	68.2950116527143	73.2308640024989	272.700097042537	307.676778861765	109.308184474012	NA	NA	NA	NA	NA
NIC267	-11.3565008995174	-9.4088491771567	13.0209301757682	44.4366649569808	-9.94347783712794	-4.44829429377075	-14.2033281129056	-26.1272455542711	-64.5517078688814	3.58421575175605
NIC268	-7.55316229958235	-1.49670123933968	-62.1374679792684	-97.4084289145309	-7.96035230226753	-33.1966735135319	-31.8023791015203	-106.99233223781	-102.319261688717	-61.9977483396747
NIC269	-17.3219497853436	-20.748965831823	-83.5596003177557	-86.1374702018509	-10.9748052523497	NA	NA	NA	NA	NA
NIC271	-5.79576997853147	-7.6358217377999	-55.4370427436307	-92.5460780600991	-7.36718019748919	-17.8867109667352	-14.2994929147656	-84.835078408237	-89.4647749956126	-20.4610442934178
NIC272	-12.6442744145892	-11.7806937086753	-88.6663312230832	-111.186540282349	-10.8201262096734	-15.454337287888	-24.0142840853611	-67.801675930412	-95.419385488022	-25.1346224701704
NIC274	-20.2425010960683	-19.8444923853379	-67.5838211000111	-51.4309156600931	-29.303221314348	NA	NA	NA	NA	NA
NIC275	4.80912298609522	4.49773836800163	15.9230512373154	17.0681688352222	2.41505398873107	NA	NA	NA	NA	NA
NIC276	-1.31730833017798	5.13372145592857	-51.7008175423314	-45.9540582495619	-25.6759832868994	NA	NA	NA	NA	NA
NIC277	NA	NA	NA	NA	NA	NA	NA	NA	NA	NA
NIC3	16.1696890708133	1.2051915483999	54.3984153772177	35.3736220855406	55.4223316356398	NA	NA	NA	NA	NA
NIC501	9.44125831727298	-5.6741188475899	-11.3700546211769	-21.1967385082948	22.559980172541	19.9062335983622	16.3485328121375	36.8746593882299	18.0097113285341	39.0680437737951
NIC511	1.35401117521139	6.85848318968975	16.8767553019539	26.9673866559437	-5.29007353561975	4.8452497214008	8.74227564818893	36.7362314029011	50.8867694281455	-11.4089915514995
NIC513	NA	NA	NA	NA	NA	-19.0296438456794	-20.560364215913	-57.3651927646582	-51.0268229054375	-28.5857458117283
NIC514	-34.4781013751948	-34.5094258006428	-111.953619968554	-133.604929523741	-36.9948898539399	-14.8603701132788	-17.787054147008	-38.1854610559096	-25.8405601195831	-31.4613152087621
NIC515	7.55018587088968	1.28894092223145	51.5158845976256	44.7465110208668	27.339450958192	59.9538509348654	58.2790435599165	173.115170966816	219.966711045512	99.8406075258827
NIC522	-22.5026975080221	-23.1796697556948	-68.5862840464359	-63.4542893474794	-47.0772692772425	-34.4570297887836	-31.1762228590739	-81.0828174850331	-84.9975707568679	-63.1946898040944
NIC523	NA	NA	NA	NA	NA	NA	NA	NA	NA	NA
NIC526	-10.3648219465083	-6.52766900313153	-119.876780430578	-131.28843917729	-9.94917630648091	-38.7447912146959	-29.8777380262845	-128.85562336395	-166.994237237909	-52.4006305253327
NIC527	-38.8443594124226	-52.989921003404604	-59.5949522475678	-173.948302131527	-33.2323611356186	13.2922236802978	-5.85165829715927	38.9543748930397	-26.9447520625997	22.1247249615079
NIC528	NA	NA	NA	NA	NA	26.460973759334	20.9877122753547	105.54771218465	119.634410887034	49.1065223525545
NIC529	NA	NA	NA	NA	NA	-19.0173670284921	-17.0741731733605	-68.9168953083732	-60.5306594157328	-37.3851281521832
PB303	22.7967196510319	32.1403973533281	67.4630005051767	79.2100907959953	7.10641961049669	NA	NA	NA	NA	NA
PS2025	16.3068015175363	4.61925558565089	75.6612991800296	79.0164031705309	39.1911928712115	27.1631185430015	20.6359588115228	112.644613698449	110.398986881055	53.6882787041131
PX179	15.1521287442368	34.2737055897963	104.341758312687	149.972666778601	45.1631420370333	NA	NA	NA	NA	NA
QG2075	NA	NA	NA	NA	NA	-11.5091450306278	-27.5062544838217	-30.7405002321645	-103.630172161686	-0.182771078482247
QG556	2.04790451055317	2.18685007852563	34.0392319700481	64.0178175409114	6.41417132927731	0.872870532403763	-7.24148349423266	19.8137576622476	-16.2160610906784	1.3047503296351
QG557	-6.7392451510878	-16.9196062758773	-2.24777932820306	4.04044742539421	-1.05287619923205	6.75259570699994	0.513274417520859	27.8975681834728	14.8167703769867	25.29918616171
QW947	NA	NA	NA	NA	NA	NA	NA	NA	NA	NA
QX1212	3.29850358629834	15.7997637083609	6.36681516002939	33.5765751770226	-4.57636300378525	-7.67941394537936	-8.73608977158842	2.39808629519397	4.30291325255926	-5.20158981135187
QX1233	-14.7471247956332	-18.3910958648778	-28.8777588276163	-7.99457015594118	-27.3409790444931	-18.0747628716868	-14.0479284213661	-29.1952884879191	-69.7618430947692	-19.2808163373278
QX1791	-20.6248459138669	-23.2947529630057	-57.6173883239833	-65.3563858715412	-40.9494120149669	-29.4648845981101	-26.086779594897	-47.4011954774402	-85.3697547485092	-45.919227614166
QX1792	-49.1001171025221	-51.6328257613866	-111.987108388817	-139.06620486934	-61.0814435024158	-51.0744622375435	-50.069819489732	-120.911375488004	-147.24567923562	-78.4090505926651
QX1793	-4.99578749061721	-4.4308044853891	44.7500820730241	21.5175489991088	-17.7886958588285	32.7941383935017	40.9302540578114	169.133372052679	244.255698257152	34.4080815562398
QX1794	6.53832671142895	5.72318340411454	17.5410145394383	10.1896022324188	21.6525081573468	NA	NA	NA	NA	NA
RC301	43.4375013989095	55.1544072681732	173.634823877426	203.088445840402	47.7980642736692	-7.87811447883089	-12.0141013633741	-10.9663261308507	-42.6097318398213	7.85334731022017
WN2001	-37.6844599612776	-57.4514049919537	-128.203793414573	-142.994383330026	-66.531742043666	-48.9467787848929	-40.0287360569484	-127.736284544205	-111.011220994662	-123.435349375308
WN2033	0.0504481959183375	-1.11692015104468	52.1382661273908	56.3740216197901	-10.7131418997364	-12.2534351822148	-7.59451236455135	-32.9569473168537	-11.4806041736941	-23.8788880073094
WN2050	58.6870848018883	65.8451099543396	126.291953548646	151.171711194007	63.1919790651848	55.2850408086304	68.1098000630329	193.675816368659	251.048788708449	64.9768882703267
XZ1513	-36.8032476459651	-53.1591820891868	-79.7412512419233	-86.6714357396475	-35.3758081824512	-33.7314573299818	-52.0099939134604	-87.4261990192878	-122.306412526449	-46.3458361015626
XZ1514	12.0262111463291	9.21679125992792	-10.082738831699	-50.0221361228806	6.45915656674271	NA	NA	NA	NA	NA
XZ1516	NA	NA	NA	NA	NA	-36.2384373113854	-59.1176393073025	-101.709317962132	-167.374847502794	-41.7208928360779
